configuration_id,fold_id,series,test_sessions,start_session,end_session,cumulative_return,annualized_return,annualized_volatility,sharpe_ratio,maximum_drawdown,turnover
ou_vwap_fast,wf_2022,SPY,251,2022-01-03,2022-12-30,-0.0500815073958,-0.0502759335229,0.0417220455506,-1.21546604704,-0.0635259821322,110
ou_vwap_fast,wf_2022,QQQ,251,2022-01-03,2022-12-30,-0.0852010666409,-0.0855255658232,0.0633354133301,-1.37993612145,-0.105512864982,106
ou_vwap_fast,wf_2022,IWM,251,2022-01-03,2022-12-30,-0.0882412372456,-0.0885767457282,0.0547383300827,-1.6667994357,-0.100517521482,88
ou_vwap_fast,wf_2022,equal_weight,251,2022-01-03,2022-12-30,-0.0741406369856,-0.0744247434306,0.0420187349696,-1.81941358825,-0.0850316828445,101.333333333
ou_vwap_fast,wf_2023,SPY,250,2023-01-03,2023-12-29,-0.0290194357022,-0.0292481626679,0.0376681512219,-0.769311035322,-0.0380643430855,114
ou_vwap_fast,wf_2023,QQQ,250,2023-01-03,2023-12-29,-0.0324215466238,-0.0326766345476,0.0436312344866,-0.739649101007,-0.0533843008965,124
ou_vwap_fast,wf_2023,IWM,250,2023-01-03,2023-12-29,0.0675581103071,0.0681165798334,0.0610349082554,1.10993822831,-0.0339707879262,146
ou_vwap_fast,wf_2023,equal_weight,250,2023-01-03,2023-12-29,0.00147487734942,0.0014866851346,0.0370101738321,0.0584942776794,-0.0282477592162,128
ou_vwap_fast,wf_2024,SPY,252,2024-01-02,2024-12-31,-0.0335681097335,-0.0335681097335,0.0310486144645,-1.08414584105,-0.0467962153864,122
ou_vwap_fast,wf_2024,QQQ,252,2024-01-02,2024-12-31,-0.0575864088371,-0.0575864088371,0.0459663133799,-1.26721002453,-0.0800857600463,124
ou_vwap_fast,wf_2024,IWM,252,2024-01-02,2024-12-31,0.00124589061616,0.00124589061616,0.0515502563502,0.0497941409108,-0.0358870041704,132
ou_vwap_fast,wf_2024,equal_weight,252,2024-01-02,2024-12-31,-0.0297967259719,-0.0297967259719,0.0306062192407,-0.973040783165,-0.0490142232726,126
ou_vwap_fast,wf_2025,SPY,250,2025-01-02,2025-12-31,-0.0201327202848,-0.0202921367808,0.0873545274958,-0.191812120868,-0.0760977133824,147
ou_vwap_fast,wf_2025,QQQ,250,2025-01-02,2025-12-31,-0.0209178965891,-0.0210834631946,0.111019339916,-0.138053786854,-0.0859016569608,140
ou_vwap_fast,wf_2025,IWM,250,2025-01-02,2025-12-31,0.0242486634763,0.0244450048074,0.110348860614,0.27238620787,-0.0777176125149,142
ou_vwap_fast,wf_2025,equal_weight,250,2025-01-02,2025-12-31,-0.00522257984347,-0.00526425031764,0.0974043507789,-0.00692915588169,-0.0762237268667,143
ou_vwap_base,wf_2022,SPY,251,2022-01-03,2022-12-30,-0.0569755147286,-0.0571958900703,0.0260188079708,-2.25035338067,-0.0617498498696,56
ou_vwap_base,wf_2022,QQQ,251,2022-01-03,2022-12-30,-0.00715782143854,-0.00718623594386,0.0267535297834,-0.256298817772,-0.0204094957584,32
ou_vwap_base,wf_2022,IWM,251,2022-01-03,2022-12-30,-0.0382675354966,-0.038417029098,0.0452484068446,-0.843200254961,-0.0612678726782,44
ou_vwap_base,wf_2022,equal_weight,251,2022-01-03,2022-12-30,-0.0341015463942,-0.034235056545,0.0250333167043,-1.37898731711,-0.0399960421079,44
ou_vwap_base,wf_2023,SPY,250,2023-01-03,2023-12-29,-0.0248103028595,-0.0250062827635,0.0232530336725,-1.07740380395,-0.0286109409565,58
ou_vwap_base,wf_2023,QQQ,250,2023-01-03,2023-12-29,-0.00736018714251,-0.00741884968317,0.0316928408597,-0.219178598203,-0.0353476740382,76
ou_vwap_base,wf_2023,IWM,250,2023-01-03,2023-12-29,-0.00225177285442,-0.00226976657784,0.0448487189113,-0.0283704448532,-0.0425253236702,64
ou_vwap_base,wf_2023,equal_weight,250,2023-01-03,2023-12-29,-0.0112360976125,-0.0113254754519,0.0245036202726,-0.452609003638,-0.0218484877643,66
ou_vwap_base,wf_2024,SPY,252,2024-01-02,2024-12-31,-0.0150259162589,-0.0150259162589,0.0191037211712,-0.782961059406,-0.0198208159633,60
ou_vwap_base,wf_2024,QQQ,252,2024-01-02,2024-12-31,-0.057257828483,-0.057257828483,0.0320569124452,-1.82302371566,-0.0701798165203,64
ou_vwap_base,wf_2024,IWM,252,2024-01-02,2024-12-31,-0.0216373528901,-0.0216373528901,0.0370822060586,-0.571386238043,-0.0314526142755,60
ou_vwap_base,wf_2024,equal_weight,252,2024-01-02,2024-12-31,-0.0312281200054,-0.0312281200054,0.0197856858516,-1.59351301295,-0.0313388938104,61.3333333333
ou_vwap_base,wf_2025,SPY,250,2025-01-02,2025-12-31,-0.0285533087378,-0.0287784164665,0.0621741556734,-0.438413943915,-0.0637420977852,88
ou_vwap_base,wf_2025,QQQ,250,2025-01-02,2025-12-31,0.059154316351,0.0596413916675,0.0973650016495,0.64262605931,-0.0565581160399,90
ou_vwap_base,wf_2025,IWM,250,2025-01-02,2025-12-31,0.0700291958333,0.0706087601361,0.0961200691874,0.756064248565,-0.0331116985119,76
ou_vwap_base,wf_2025,equal_weight,250,2025-01-02,2025-12-31,0.0337026779099,0.0339768289635,0.0723425045121,0.497560040425,-0.0437457557851,84.6666666667
ou_vwap_slow,wf_2022,SPY,251,2022-01-03,2022-12-30,0.0273040969404,0.027414355872,0.0274600648395,0.998451251429,-0.00766416526113,6
ou_vwap_slow,wf_2022,QQQ,251,2022-01-03,2022-12-30,0.0319206350216,0.032049825429,0.0439487439,0.739406280226,-0.0184472429011,10
ou_vwap_slow,wf_2022,IWM,251,2022-01-03,2022-12-30,0.0862663734955,0.0866245389398,0.0420613337848,1.99609804054,-0.00144803363163,12
ou_vwap_slow,wf_2022,equal_weight,251,2022-01-03,2022-12-30,0.0483071523181,0.048504205082,0.0346102507982,1.3856401498,-0.00918611456097,9.33333333333
ou_vwap_slow,wf_2023,SPY,250,2023-01-03,2023-12-29,-0.0103124691837,-0.0103945386762,0.00712571991663,-1.46277669266,-0.0111113297299,10
ou_vwap_slow,wf_2023,QQQ,250,2023-01-03,2023-12-29,-0.00254439796079,-0.00256472701948,0.0158623482941,-0.153996124793,-0.0132128419314,14
ou_vwap_slow,wf_2023,IWM,250,2023-01-03,2023-12-29,-0.0251216894623,-0.0253200969795,0.0120082356279,-2.12960896134,-0.0274026327461,26
ou_vwap_slow,wf_2023,equal_weight,250,2023-01-03,2023-12-29,-0.0126556124326,-0.0127562088291,0.00707868383718,-1.81007864678,-0.0130749245197,16.6666666667
ou_vwap_slow,wf_2024,SPY,252,2024-01-02,2024-12-31,0.00548651957617,0.00548651957617,0.00998525347012,0.552925302928,-0.00927471159569,16
ou_vwap_slow,wf_2024,QQQ,252,2024-01-02,2024-12-31,0.00493729052112,0.00493729052112,0.0144376345352,0.348307023734,-0.00788294918415,18
ou_vwap_slow,wf_2024,IWM,252,2024-01-02,2024-12-31,0.0046250743367,0.0046250743367,0.0306559994778,0.16577523318,-0.0334850014629,28
ou_vwap_slow,wf_2024,equal_weight,252,2024-01-02,2024-12-31,0.00514419497747,0.00514419497747,0.0126437329367,0.412110209188,-0.0124229463362,20.6666666667
ou_vwap_slow,wf_2025,SPY,250,2025-01-02,2025-12-31,-0.0183571727837,-0.0185026631154,0.0176275305447,-1.05058057729,-0.0208844203843,18
ou_vwap_slow,wf_2025,QQQ,250,2025-01-02,2025-12-31,0.0469356293555,0.0473198619787,0.0528338255763,0.901003165165,-0.0208866866786,30
ou_vwap_slow,wf_2025,IWM,250,2025-01-02,2025-12-31,0.0289663347769,0.0292014165549,0.0416489778651,0.71188628826,-0.0389840424135,28
ou_vwap_slow,wf_2025,equal_weight,250,2025-01-02,2025-12-31,0.019208576615,0.0193637235527,0.028241297262,0.693235849773,-0.0194828184378,25.3333333333
