session_date,fold_id,equal_weight,inverse_volatility,constrained_minimum_variance
2022-01-03,wf_2022,-0.0010656921465286404,-0.00099032414243197518,-0.00092736981976515446
2022-01-04,wf_2022,-0.0055527827143134383,-0.0051460157846299924,-0.0054807175263311475
2022-01-05,wf_2022,0.020562127611350713,0.019753151950529464,0.019683779072319659
2022-01-06,wf_2022,-0.006381786711419442,-0.0060359838963985092,-0.0055279572791070986
2022-01-07,wf_2022,-0.0029081278093308995,-0.0029251594783538549,-0.0028016333708561041
2022-01-10,wf_2022,0.012630253938172667,0.012690424689283029,0.012635092096541737
2022-01-11,wf_2022,0.009333624624691006,0.0092075623178777058,0.0092194967940874145
2022-01-12,wf_2022,-0.0056445676358637398,-0.0055021983612622543,-0.004837934945263243
2022-01-13,wf_2022,0.0046041506868770097,0.0048828280356795779,0.0053860367426753486
2022-01-14,wf_2022,0.0029450710375846234,0.0028111556766378405,0.0028824546779982691
2022-01-18,wf_2022,-0.0034623437173261582,-0.0038662378206617376,-0.0037878803667874454
2022-01-19,wf_2022,-0.0035878220599487305,-0.0043783836592493301,-0.0049155735375198554
2022-01-20,wf_2022,0.0045904898068577591,0.0048667247287022507,0.0051992578275998087
2022-01-21,wf_2022,0.0050629477231057627,0.0050801795099642381,0.0053835451028774817
2022-01-24,wf_2022,0.029144513544905916,0.029010599390303274,0.028186885193328789
2022-01-25,wf_2022,-0.026402635606936099,-0.026272016032096376,-0.02617704153965706
2022-01-26,wf_2022,0.0065249046572079528,0.0065436853066673899,0.0061167085789167836
2022-01-27,wf_2022,0.0049516246990159258,0.0037830035840280972,0.0031844689274004054
2022-01-28,wf_2022,-0.0045392480387076058,-0.0036802371575571213,-0.0030759706308392822
2022-01-31,wf_2022,0.017207725203559177,0.016580487984963109,0.0164100520411209
2022-02-01,wf_2022,-8.3099339744393316e-05,-0.00040394954627915518,-0.00054123526755165828
2022-02-02,wf_2022,-0.0035158301050274465,-0.0028265785811848708,-0.0014513037488172356
2022-02-03,wf_2022,-0.00043077545557044595,-0.00056037381162765427,-0.0012360939219897577
2022-02-04,wf_2022,-0.0052310949489342562,-0.0052357541685424886,-0.005445535194691405
2022-02-07,wf_2022,-0.005744418381462316,-0.0062706161781865347,-0.0069376081217821153
2022-02-08,wf_2022,-0.00090180364242816347,-0.0016602816152874503,-0.0025973195659086692
2022-02-09,wf_2022,0.0074060105196016024,0.0069920511198243232,0.0070307323782700416
2022-02-10,wf_2022,0.0033799181497818354,0.0037586244039992641,0.0042419200357068209
2022-02-11,wf_2022,0.011506821459827621,0.012042442669284682,0.012523769505965756
2022-02-14,wf_2022,-0.0095642214623043818,-0.0094525720217824086,-0.0093130343958397269
2022-02-15,wf_2022,0.00044653023928944063,0.00084087980005304519,0.00064205685458460307
2022-02-16,wf_2022,-0.00994742155693586,-0.0095944633150253679,-0.0098820549529720098
2022-02-17,wf_2022,-0.0069319213516875755,-0.0067034327777860817,-0.0064663346211174377
2022-02-18,wf_2022,0.0030361502626687171,0.0028777409127147863,0.0026852568058317221
2022-02-22,wf_2022,0.00074434497107236063,0.0004787093171030217,0.00029537967668743711
2022-02-23,wf_2022,0.0055999081994584921,0.005608070087448431,0.0057076539802297047
2022-02-24,wf_2022,0.019955676777392219,0.020375548543531158,0.02021681859419398
2022-02-25,wf_2022,0.013925307662632631,0.013695163069772445,0.013675721050214373
2022-02-28,wf_2022,-0.0079359500549519013,-0.0079682569094610151,-0.0083221934358185951
2022-03-01,wf_2022,0.0021661505485886341,0.001678365932325026,0.0010938252269894662
2022-03-02,wf_2022,0.001290898454557839,0.0015552156696701366,0.0016571405778422728
2022-03-03,wf_2022,-0.0081419336432240943,-0.0079192725947491074,-0.0076563973404674586
2022-03-04,wf_2022,0.007631873710776893,0.0073697190765931765,0.0072205092296427527
2022-03-07,wf_2022,0.014122076151870867,0.013946510018094629,0.014443265492798252
2022-03-08,wf_2022,-0.021745163202055974,-0.02131781089831563,-0.02112355612707327
2022-03-09,wf_2022,-0.0035277030112894252,-0.0049123990072652635,-0.0060791050963042948
2022-03-10,wf_2022,-0.0043166014717328678,-0.0041220036005329488,-0.004278182554768706
2022-03-11,wf_2022,-0.00064062416412669076,-0.00046411075999007462,-0.00030663154732433643
2022-03-14,wf_2022,0.010395525846250475,0.0097504545034340692,0.0095431220571102725
2022-03-15,wf_2022,0.0027514765874182556,0.0032396819480780392,0.0031013530779716286
2022-03-16,wf_2022,0.020278340507139947,0.019557378585877611,0.019207217253402215
2022-03-17,wf_2022,0.0066794417924387695,0.0063126760024485341,0.0063318838100249889
2022-03-18,wf_2022,0.0047285968883939242,0.0047366828086336634,0.0050677698353610509
2022-03-21,wf_2022,-0.011910208706607934,-0.011827724930452555,-0.011789142078755057
2022-03-22,wf_2022,-0.0027947678459381469,-0.0022038123574072608,-0.001700845248979574
2022-03-23,wf_2022,-0.0041217386543141252,-0.0039417704726666504,-0.0037232180482244248
2022-03-24,wf_2022,-0.0017785872056369132,-0.0018809336723164987,-0.0019631670352484539
2022-03-25,wf_2022,-0.0049713983742505534,-0.0048569293452325581,-0.0048497304607258585
2022-03-28,wf_2022,0.0018482230058030629,0.0019280674494600216,0.002714654641588537
2022-03-29,wf_2022,0.0098212359203048525,0.0097928028972039949,0.010107933337851097
2022-03-30,wf_2022,0.001988588735133634,0.0014152812364976652,0.00086986282135825929
2022-03-31,wf_2022,0.0068845086371778583,0.0068418691143191969,0.0070258701385514516
2022-04-01,wf_2022,-0.0028042192624052418,-0.0024285938441125478,-0.0022945494620311034
2022-04-04,wf_2022,0.0031706661336466007,0.003476534120735438,0.0032552445138767151
2022-04-05,wf_2022,0.00054868316590476552,0.0007522411429892544,0.00050340280590600709
2022-04-06,wf_2022,0.013386779087751727,0.013251788995851888,0.013398124046197319
2022-04-07,wf_2022,-0.0080799043063194964,-0.008141240280208864,-0.0086526906320999655
2022-04-08,wf_2022,-0.0082253482381419163,-0.0084342965410975253,-0.0082101502857587945
2022-04-11,wf_2022,0.0053920163149271012,0.0055003718081668759,0.0060533073986338325
2022-04-12,wf_2022,-0.0096865192389303419,-0.0086704687876714634,-0.0076946433515286588
2022-04-13,wf_2022,-0.0025134128422654722,-0.0023436572030196075,-0.0024156917335717148
2022-04-14,wf_2022,0.00027882562197264105,0.00049048039512505676,0.00060533397550850167
2022-04-18,wf_2022,-0.0060860885365405602,-0.0064522678947906255,-0.0065256810171674916
2022-04-19,wf_2022,0.0064614750010156445,0.0068317355195303148,0.0076618214742750204
2022-04-20,wf_2022,-0.00035184151617728698,-0.0006265712265807788,-0.00092325259144442973
2022-04-21,wf_2022,0.0058260348220413403,0.0049571738063841145,0.0038925739858523102
2022-04-22,wf_2022,0.017450069487520016,0.01707713138515812,0.017355584092064301
2022-04-25,wf_2022,0.0033966776130814154,0.0035323810216672581,0.0034663012633469647
2022-04-26,wf_2022,-0.014147095204092592,-0.014468899735152052,-0.014581642030036758
2022-04-27,wf_2022,-0.014848099917981101,-0.015262833551596267,-0.016012334959019436
2022-04-28,wf_2022,0.0049133261913061888,0.0054898908199194248,0.0061400207022106789
2022-04-29,wf_2022,0.014610952841484132,0.01502449186908781,0.014728939149803178
2022-05-02,wf_2022,-0.011108971829280371,-0.010818000420789505,-0.010924698661887472
2022-05-03,wf_2022,-0.00071801126918878222,-0.00086063171771829576,-0.00065035351955967154
2022-05-04,wf_2022,0.021676212078683272,0.02247168188204331,0.02295086517066321
2022-05-05,wf_2022,-0.024709124968320173,-0.024128698821562565,-0.023987247431095142
2022-05-06,wf_2022,-0.010399230835098637,-0.01114228203566222,-0.011773539156190038
2022-05-09,wf_2022,0.019260423344937827,0.018344269368374952,0.018252187803137115
2022-05-10,wf_2022,-0.016947323331233201,-0.01715575805007178,-0.018169190375291154
2022-05-11,wf_2022,0.014262206958782164,0.014678666908991084,0.015438973067820362
2022-05-12,wf_2022,-0.0093104353796775174,-0.0088568484004076312,-0.0081015390346745961
2022-05-13,wf_2022,0.0043176845821281482,0.0048623484890698383,0.0047396766580193369
2022-05-16,wf_2022,-0.014114544703264304,-0.013957171394826459,-0.014380378043723694
2022-05-17,wf_2022,-0.0039779635897135473,-0.0045281205799765053,-0.0042930643692143519
2022-05-18,wf_2022,0.016648724540491711,0.016745670589875205,0.016198987553873327
2022-05-19,wf_2022,-0.0030952910316426885,-0.0030727971782367018,-0.0029740265755967511
2022-05-20,wf_2022,0.0046330185856916142,0.0045433056923420995,0.0040609333413090514
2022-05-23,wf_2022,0.0092016341661791037,0.0091960674346717418,0.0092966170274013712
2022-05-24,wf_2022,-0.0059083759823228736,-0.0052325674917163556,-0.005932680516531748
2022-05-25,wf_2022,0.0053809691113312534,0.0050944488322488407,0.0048805400769283353
2022-05-26,wf_2022,0.022234622341345212,0.02240916883600139,0.02235165290856337
2022-05-27,wf_2022,0.0052955191896773375,0.0045756941658350687,0.0049282092823699705
2022-05-31,wf_2022,-0.014209466601093051,-0.014000128215598333,-0.013596817846010361
2022-06-01,wf_2022,-0.0054179864946234755,-0.0053719640389935513,-0.0052714513414889724
2022-06-02,wf_2022,0.012767139233072822,0.011991229428194122,0.011279883042734088
2022-06-03,wf_2022,-0.009579665857769518,-0.0092217135386066656,-0.0094014878926021971
2022-06-06,wf_2022,-0.015695114720387333,-0.016253558144230799,-0.017126120403361422
2022-06-07,wf_2022,-0.0030813966035679501,-0.0029066266640594388,-0.0023655854447079327
2022-06-08,wf_2022,-0.0078223431697687813,-0.0076067551046818376,-0.0072981001850205215
2022-06-09,wf_2022,0.011798257383398977,0.011821445819527819,0.012014344662637955
2022-06-10,wf_2022,0.029955030669923964,0.030011095833559681,0.030197216062934538
2022-06-13,wf_2022,0.0034975239969943228,0.002152650387781405,0.0022814709527744391
2022-06-14,wf_2022,-0.0077744204629630054,-0.0081838451003127099,-0.0084162186360195995
2022-06-15,wf_2022,-0.013707271607269698,-0.013822148557896851,-0.013517968184955747
2022-06-16,wf_2022,-0.021240909621486021,-0.021617611402230487,-0.021556904961233459
2022-06-17,wf_2022,0.0020505153121949302,0.0019074296362123421,0.0017895407976581551
2022-06-21,wf_2022,0.01434977601833224,0.014214407278683594,0.014601705326485255
2022-06-22,wf_2022,-0.0076979261517664726,-0.0072423956980988725,-0.0064291314480683544
2022-06-23,wf_2022,-0.012174860729498544,-0.01190372772347671,-0.011655245995375962
2022-06-24,wf_2022,0.024788303686776241,0.024489026178859875,0.024739808561267257
2022-06-27,wf_2022,-0.0033871871722337774,-0.0037140106235964273,-0.0041223980427156611
2022-06-28,wf_2022,0.008208768108810641,0.0084451621385620949,0.0087584042351021348
2022-06-29,wf_2022,-0.001842711060368577,-0.0025994318140796389,-0.0027742347114155337
2022-06-30,wf_2022,-0.024982658335031882,-0.025497641418284207,-0.025781066974232599
2022-07-01,wf_2022,-0.0029038407614440653,-0.0026804854326600955,-0.0026936871976438528
2022-07-05,wf_2022,-0.008783883189203515,-0.0086787555476156315,-0.0086521118084586721
2022-07-06,wf_2022,-0.0058560726191395811,-0.0052605112096632337,-0.0043404406915253978
2022-07-07,wf_2022,0.010702153349044969,0.010144473074551279,0.010012875733807124
2022-07-08,wf_2022,-0.010966215142275599,-0.010590891051487056,-0.010273633618006607
2022-07-11,wf_2022,-0.0085974042727811791,-0.0086876170655371988,-0.0089565646855289428
2022-07-12,wf_2022,-0.00095591202156318034,-0.00037247316498198631,0.00039387964783930442
2022-07-13,wf_2022,-0.0037548527496928013,-0.0035565751815336451,-0.00333669217155732
2022-07-14,wf_2022,-0.013226276534307541,-0.01272031482268594,-0.012611108645963303
2022-07-15,wf_2022,0.016442935799722742,0.016200394312674705,0.016211815085080281
2022-07-18,wf_2022,0.0045348902992778375,0.0047419793333338947,0.0045082467130564234
2022-07-19,wf_2022,-0.010509533680040742,-0.0099900969085731442,-0.0098276784204306238
2022-07-20,wf_2022,0.0021858893613709114,0.0016889624405865449,0.00150463818420748
2022-07-21,wf_2022,-0.0036301110350923462,-0.0036827303248212193,-0.0033001474910726524
2022-07-22,wf_2022,-0.0021752267492613124,-0.0018558169438230431,-0.0021342936780566388
2022-07-25,wf_2022,-0.0030357890312420572,-0.003095034199748015,-0.00284149832804417
2022-07-26,wf_2022,0.0050999406697855298,0.0056626425843669358,0.0064504943549930551
2022-07-27,wf_2022,0.0050049909567966289,0.0045554687682902613,0.0037758490028271525
2022-07-28,wf_2022,0.00051984769459945102,4.195153207827481e-05,0.00017783531118009847
2022-07-29,wf_2022,0.0036886947659984974,0.0037294664487361887,0.0042434998125780556
2022-08-01,wf_2022,-0.0059023023064457654,-0.0058441807997015108,-0.0060774031214915923
2022-08-02,wf_2022,-0.010515356589379871,-0.010439271028626105,-0.010577960311336596
2022-08-03,wf_2022,-6.0458019427593238e-05,-0.00027482061350465301,-0.0003572620579963735
2022-08-04,wf_2022,-0.003474687085323354,-0.003352901223963577,-0.0031184630476270431
2022-08-05,wf_2022,-0.0051689402276539429,-0.0050874828132442601,-0.0051782554830663219
2022-08-08,wf_2022,-0.0082660214766490103,-0.0088722248142480056,-0.0097693593796695961
2022-08-09,wf_2022,0.0056662356518594557,0.0055096387262479236,0.0056847528110437629
2022-08-10,wf_2022,0.00019003558278572264,0.00033678496748344689,2.9044660981722875e-05
2022-08-11,wf_2022,0.00093224508390586192,0.00085755524736969512,0.00080728697884242524
2022-08-12,wf_2022,-0.0026968537174976714,-0.002645787292162193,-0.0025103097883437775
2022-08-15,wf_2022,-0.00084007126617791084,-0.00034824420858477163,0.0002216275594204703
2022-08-16,wf_2022,-0.0092102119216046861,-0.0091265248237159501,-0.0092233276881125495
2022-08-17,wf_2022,-0.004503187267068812,-0.0042924651333457126,-0.0040352234519998274
2022-08-18,wf_2022,-0.0023559332483318318,-0.00220682617031132,-0.0020483695034796876
2022-08-19,wf_2022,-0.0077159195248410004,-0.0070486970938229091,-0.0068528660844003868
2022-08-22,wf_2022,0.0077117327623280971,0.0074731908639515503,0.0078120255667542904
2022-08-23,wf_2022,-0.0036754301582774818,-0.0034503499870453778,-0.0031898198770073968
2022-08-24,wf_2022,-0.0022706402678532114,-0.0024894831624927083,-0.0026950271254548323
2022-08-25,wf_2022,0.0047695190170695123,0.0043534056775686213,0.0040779789182268664
2022-08-26,wf_2022,0.0049189206864610107,0.0050617533389209031,0.0048117112646544231
2022-08-29,wf_2022,0.0023567559472890132,0.0024439935166371747,0.0023816445738849791
2022-08-30,wf_2022,0.0068055462598900114,0.0063757633929360531,0.0060019582216521289
2022-08-31,wf_2022,-0.0041667753520916269,-0.004212946541294507,-0.0046232241105173691
2022-09-01,wf_2022,0.01375205290545219,0.013832895638484586,0.013627514592777761
2022-09-02,wf_2022,3.4457803567701202e-06,0.00034284884164069137,-4.3337111730262583e-05
2022-09-06,wf_2022,0.0021851054984026912,0.0016695392938580239,0.001599554692688429
2022-09-07,wf_2022,0.012045073242124411,0.0121057847561672,0.012174517017359904
2022-09-08,wf_2022,-0.0036622974926466454,-0.0039738131484282424,-0.004045704107823918
2022-09-09,wf_2022,0.0096647983741103092,0.0092949920702184927,0.0090631281599136849
2022-09-12,wf_2022,-0.0012930352279281185,-0.0016728473270066358,-0.001514899814055369
2022-09-13,wf_2022,-0.0026670939361042962,-0.0024491660979354892,-0.0023646781660718159
2022-09-14,wf_2022,-0.010003546567424193,-0.0098967011590145523,-0.0097240962288627445
2022-09-15,wf_2022,-0.013279018363221946,-0.012619617466234401,-0.011160064011821718
2022-09-16,wf_2022,0.012844433463641872,0.012467500899756059,0.012260421416567699
2022-09-19,wf_2022,0.0035923788202516698,0.0035595305335421991,0.0037200955422288127
2022-09-20,wf_2022,-0.017662927246586042,-0.017533551793570065,-0.017655100300076224
2022-09-21,wf_2022,-0.016386373614567795,-0.015672947856896879,-0.014657763248695697
2022-09-22,wf_2022,0.013087719070258852,0.012369569736594352,0.011891620355195162
2022-09-23,wf_2022,0.0043281784531823035,0.0036091620663938886,0.0034741645546905093
2022-09-26,wf_2022,-0.016855320088092651,-0.016096624632463044,-0.015725547730196014
2022-09-27,wf_2022,-0.026246962873772907,-0.025837317799683977,-0.025769328407121664
2022-09-28,wf_2022,0.0098443689092479643,0.0094868430004831604,0.0094527082920057275
2022-09-29,wf_2022,-0.015845772568689815,-0.014766777258249267,-0.014450238287613354
2022-09-30,wf_2022,0.0051789231593223906,0.0056476180911163411,0.0060979914373440356
2022-10-03,wf_2022,-0.013181201284410526,-0.012534085149268976,-0.012173323939632476
2022-10-04,wf_2022,0.016561344732538303,0.015894400246398332,0.015658245569586556
2022-10-05,wf_2022,-0.0057441690752482732,-0.0049987998124122156,-0.0049899089771177057
2022-10-06,wf_2022,-0.0083541473793751937,-0.0081587081673273661,-0.0077178591133884086
2022-10-07,wf_2022,0.024907254220178622,0.024889902739987611,0.024858338089528281
2022-10-10,wf_2022,-0.0039351641322335484,-0.0039511004692599824,-0.003738224860233503
2022-10-11,wf_2022,-0.0249227676335473,-0.024802194626587289,-0.02509387992548865
2022-10-12,wf_2022,-0.0045981375737829859,-0.0046299898306982369,-0.00430995043772049
2022-10-13,wf_2022,-0.020206890216985279,-0.020015894218141674,-0.01991173696672504
2022-10-14,wf_2022,0.0022718508387011469,0.0024292629487086869,0.0023978044767835284
2022-10-17,wf_2022,-0.021943272714862017,-0.021023548226856058,-0.021155735597178225
2022-10-18,wf_2022,-0.016747503872184023,-0.01786330402710715,-0.017695720339924996
2022-10-19,wf_2022,0.0023376910183472801,0.0017696666523637592,0.0013763154872404402
2022-10-20,wf_2022,-0.0073084012048857377,-0.0066832957526051558,-0.0066211980630042971
2022-10-21,wf_2022,0.0047707412096824053,0.0051164248953558342,0.0053284104421993167
2022-10-24,wf_2022,-0.00034513222280596622,-0.00035810430223304749,0.00015338144958990853
2022-10-25,wf_2022,0.010472991614423666,0.0096296385842366359,0.0094164020705819716
2022-10-26,wf_2022,-0.0037982121348994293,-0.0043710935270312844,-0.0049300589913242234
2022-10-27,wf_2022,0.00079270691413254213,0.0015758359021544946,0.0025775444019863949
2022-10-28,wf_2022,0.0023468482094609979,0.0031863984686986008,0.0030721467513410497
2022-10-31,wf_2022,-0.0060169546221150068,-0.0063294828990036779,-0.0069773822003987296
2022-11-01,wf_2022,-0.0051331537257677615,-0.0051491023588618109,-0.005000699910704863
2022-11-02,wf_2022,0.00013540104131857633,-0.00090777729224527141,-0.001592319605266321
2022-11-03,wf_2022,0.0055411260269669915,0.0055785221441684452,0.0060057996573374267
2022-11-04,wf_2022,-0.01778630489532982,-0.017432740173279834,-0.01812729208082027
2022-11-07,wf_2022,0.0029949130210388244,0.0030742654051407444,0.0033209806455553144
2022-11-08,wf_2022,-0.0022266563309836598,-0.0012125137485861823,-0.00060782364885765734
2022-11-09,wf_2022,0.01530635607184579,0.015064128633850897,0.01474622063279073
2022-11-10,wf_2022,-0.028586157358524707,-0.027619210306048993,-0.027713125958189026
2022-11-11,wf_2022,-0.0024955285572150951,-0.0026552776761277243,-0.0022467793895639388
2022-11-14,wf_2022,-0.0056002114706944859,-0.0049920508934244,-0.0047878727847458719
2022-11-15,wf_2022,-0.019086537737987685,-0.019046792053954958,-0.018714405321847465
2022-11-16,wf_2022,0.0052707872549619394,0.0051114285223044249,0.0053409100878424945
2022-11-17,wf_2022,-0.0011606856143988415,-0.0015192251416527641,-0.0019904435765069738
2022-11-18,wf_2022,-0.0076017568637837254,-0.0072853115214916251,-0.0069766080741315382
2022-11-21,wf_2022,-0.0039768475217960564,-0.0040787396005298477,-0.0040535371686342509
2022-11-22,wf_2022,0.0022127007696023013,0.0022647791793071232,0.0022900476517187214
2022-11-23,wf_2022,0.00026846823606011883,0.00061812735885413282,0.0011659352016744032
2022-11-25,wf_2022,-5.3199824817662389e-06,-8.2312813082929077e-05,-0.00027504471685281556
2022-11-28,wf_2022,0.0069810436943132936,0.0068603011878427397,0.0070602217707099709
2022-11-29,wf_2022,-0.0012569411024957085,-0.0010991810641423035,-0.00074019789627495546
2022-11-30,wf_2022,0.021061171612699787,0.022265659151124637,0.023736564525625916
2022-12-01,wf_2022,-0.0015822615543695053,-0.0015699934901943679,-0.0014524449405202112
2022-12-02,wf_2022,-0.0059668013535418094,-0.0061761072911159908,-0.0071143931210085358
2022-12-05,wf_2022,0.0013921532009977995,0.0015837305550884856,0.0019970642877236758
2022-12-06,wf_2022,0.0089624115696646696,0.008783844364727034,0.0089224261411574388
2022-12-07,wf_2022,-0.004609058667344716,-0.0046325927762569221,-0.0041804595994397878
2022-12-08,wf_2022,-0.0069710572017140744,-0.0061639906914243625,-0.0055184896451914876
2022-12-09,wf_2022,0.002723632203741647,0.0023100547644193206,0.0017835907762479353
2022-12-12,wf_2022,-0.00014582934973219239,6.0623108297710499e-05,0.00012489069673686572
2022-12-13,wf_2022,0.0025471539742626392,0.002697438124002255,0.0022388163345976758
2022-12-14,wf_2022,-0.0086692868587589511,-0.0082851492546017896,-0.008325419778155289
2022-12-15,wf_2022,0.028207827190636414,0.028496039540109985,0.028535461794408516
2022-12-16,wf_2022,0.0026622450005122276,0.0024522146057988502,0.0026629294363008532
2022-12-19,wf_2022,-0.00098603898597140116,-0.00085616588417043195,-0.00025331229991362562
2022-12-20,wf_2022,-0.0050980371364043875,-0.0051279175564775976,-0.0048735870807969824
2022-12-21,wf_2022,0.0098365465586442245,0.0095561599317297036,0.0095682904969873386
2022-12-22,wf_2022,0.011701572375064806,0.012632030566905161,0.01248551036232649
2022-12-23,wf_2022,0.003685543055423901,0.0035068247299296618,0.00335557553726854
2022-12-27,wf_2022,-0.0061975186627407086,-0.0060414232054857124,-0.0059766404029375194
2022-12-28,wf_2022,0.0049423403847313838,0.0044707737832280631,0.0042432249952732235
2022-12-29,wf_2022,-0.0040834187496150793,-0.0038010345771524704,-0.0038399847077217287
2022-12-30,wf_2022,-0.0040693006502791245,-0.0040063535030503018,-0.0046550878073974436
2023-01-03,wf_2023,-0.022360907917002439,-0.021627988409821636,-0.0190410369293754
2023-01-04,wf_2023,-0.0053989470168173317,-0.0050767018885824692,-0.0036244587164552772
2023-01-05,wf_2023,0.0022495467686894548,0.0029816749531676274,0.003414038792717693
2023-01-06,wf_2023,0.0097996984427676601,0.0098169036862424883,0.009764770503553127
2023-01-09,wf_2023,0.011218665595925362,0.011522167821474137,0.01071669913837632
2023-01-10,wf_2023,-0.0024777306114075652,-0.0024712279579871396,-0.0022361266085070483
2023-01-11,wf_2023,0.0071354238419350704,0.0067684733571958386,0.006085763265670085
2023-01-12,wf_2023,0.001845265079303493,0.0011491221781849432,0.00045840659656599334
2023-01-13,wf_2023,-0.00035312018652899912,-0.00060610777958875752,-0.0018923463519696271
2023-01-17,wf_2023,-0.0019128024669065231,-0.0019232479412092584,-0.0018075774785670743
2023-01-18,wf_2023,0.00013328218461357755,0.00063199988994728942,0.0028713643687934276
2023-01-19,wf_2023,0.0034833180533963741,0.0032918305504607793,0.0027891707962023268
2023-01-20,wf_2023,0.014071387196632184,0.014116639969206857,0.013529329578942848
2023-01-23,wf_2023,0.015201694756562446,0.015177076918659636,0.014059273204016719
2023-01-24,wf_2023,-0.0046945778514279422,-0.0045407893515078219,-0.0048909182750804811
2023-01-25,wf_2023,-0.00096877352071017553,-0.00074510653182681083,-0.00068199450045365552
2023-01-26,wf_2023,0.0070692652085048522,0.0068724493458501446,0.0061733927474134165
2023-01-27,wf_2023,0.0012911494518076196,0.0010405196380661431,0.00040029146158669367
2023-01-30,wf_2023,2.2227426349626708e-05,0.0004958793749534529,0.0016448484557152997
2023-01-31,wf_2023,0.0014589846666825204,0.0017906092166203957,0.0028868973126622314
2023-02-01,wf_2023,0.0063928741779572711,0.0062101130741328723,0.0041025284077396452
2023-02-02,wf_2023,0.021848241776816657,0.021448553364395259,0.018564237886838367
2023-02-03,wf_2023,-0.0020738051331499752,-0.0016396012042652354,-0.0018793143065082331
2023-02-06,wf_2023,0.0067030725297149516,0.0061057296523354797,0.0048664179787487345
2023-02-07,wf_2023,0.0028798583587381259,0.0025611645843167819,0.0010102244369793187
2023-02-08,wf_2023,-0.0094926180438102588,-0.0090976741042135146,-0.0077913834757631327
2023-02-09,wf_2023,0.0012882932971183629,0.0012041925589929916,0.0013386514067590979
2023-02-10,wf_2023,0.0011875193629761747,0.0011611690043010217,0.00053298084387982893
2023-02-13,wf_2023,0.009553092233353766,0.0095790836892358268,0.0096658074471490177
2023-02-14,wf_2023,-0.0095049684583893655,-0.009219085024559124,-0.0090054437399222295
2023-02-15,wf_2023,-0.0018742146526855388,-0.0023733701456765304,-0.0041894901731645848
2023-02-16,wf_2023,-0.0093489972685520031,-0.0092162666973374247,-0.0097534154550609972
2023-02-17,wf_2023,0.0062086935154328504,0.0068315493395852862,0.0073144110568091735
2023-02-21,wf_2023,-0.0014631155331650452,-0.001532048942332386,-0.0013620708749241322
2023-02-22,wf_2023,-0.0090683293805771288,-0.0090326623333395369,-0.0091017948901435889
2023-02-23,wf_2023,-0.018587244117134655,-0.017730399263644489,-0.015736548795934738
2023-02-24,wf_2023,-0.021242193442036778,-0.021103674214462242,-0.020739729031867098
2023-02-27,wf_2023,-0.0027729990014882704,-0.0022999399596534769,-0.0012380136580317318
2023-02-28,wf_2023,-0.004978326729778511,-0.0045771485948056367,-0.0037097283141501974
2023-03-01,wf_2023,0.0010526067116304509,0.0010195644735887708,0.0005232327108974918
2023-03-02,wf_2023,0.003611166213669303,0.0037328155592442989,0.0040192810290355921
2023-03-03,wf_2023,0.01317754111415222,0.013122795158043179,0.012839128346457181
2023-03-06,wf_2023,0.0051457538657963724,0.0050551482027818085,0.0044095837331859476
2023-03-07,wf_2023,0.0082982819524964144,0.0083016666221709771,0.0091363687777447598
2023-03-08,wf_2023,-0.0039701614419202693,-0.0038241030351967046,-0.0034778847382304179
2023-03-09,wf_2023,0.013394721427747669,0.013242799462969404,0.012285544943792651
2023-03-10,wf_2023,0.007178463415511648,0.005901547417337295,0.0044085530479248515
2023-03-13,wf_2023,-0.011096886290027919,-0.011436875050919545,-0.013254487257116501
2023-03-14,wf_2023,-0.010448607633418389,-0.0091909852731861703,-0.0050245524846302542
2023-03-15,wf_2023,0.010774729606373119,0.010342610933938333,0.010436228227181979
2023-03-16,wf_2023,0.010558118875325612,0.010743286219055403,0.01043289343326881
2023-03-17,wf_2023,-0.0058888617664335507,-0.0053717692134075843,-0.004397525578564758
2023-03-20,wf_2023,-0.005739131247968543,-0.0050108701931094023,-0.0029484594052020577
2023-03-21,wf_2023,0.0012536172985856036,0.0013578773213970001,0.0022683861438305784
2023-03-22,wf_2023,0.004431645165071255,0.0038125667044130859,0.0011208897804047438
2023-03-23,wf_2023,-0.010401517308177899,-0.010731560841986275,-0.01046246828371564
2023-03-24,wf_2023,0.0061760089738723076,0.0063134501054781609,0.0061543663163574789
2023-03-27,wf_2023,0.00019069089793399808,-6.038275943516286e-06,0.00071670664373213965
2023-03-28,wf_2023,-0.0010881575310814349,-0.0010647298023306803,-0.0014115695227034806
2023-03-29,wf_2023,-0.0029901755025984094,-0.0026412930503177871,-0.0026780828964796275
2023-03-30,wf_2023,-0.00025035695827143234,-0.00017268989124034179,0.00013150200528343518
2023-03-31,wf_2023,0.0047532847490993433,0.0050149400641647055,0.0062958696050078207
2023-04-03,wf_2023,-0.0054504045170042734,-0.0048528706574151557,-0.0024658963858170194
2023-04-04,wf_2023,-0.0014713304510241554,-0.0016563042487535732,-0.0026684752421855598
2023-04-05,wf_2023,0.0044940248920456631,0.0042190742401234677,0.0027699326934684429
2023-04-06,wf_2023,0.00014050517929622053,0.00010750181303185698,0.00018854374208286207
2023-04-10,wf_2023,-0.0048964710176291884,-0.0052382862835937578,-0.005614528977182719
2023-04-11,wf_2023,-0.001200991884888295,-0.0013154803766105426,-0.0009911284738201786
2023-04-12,wf_2023,-0.0037870514418346653,-0.0038484534529811621,-0.0040372710965819059
2023-04-13,wf_2023,-0.001463517386286306,-0.0013206093167711882,-0.00059121034557063211
2023-04-14,wf_2023,-0.0029160173194476093,-0.0026208410054728752,-0.0021784703535611314
2023-04-17,wf_2023,-0.001023905701891481,-0.00098448604734186645,-0.00052374202513557309
2023-04-18,wf_2023,-0.0031688454291859958,-0.002839533269574944,-0.0016043865597178842
2023-04-19,wf_2023,-0.0020281831634729,-0.0021879150774021033,-0.0019287175542191753
2023-04-20,wf_2023,-0.0078014916033512516,-0.0078867334717975558,-0.0084468226051990641
2023-04-21,wf_2023,-0.00067932388047357373,-0.00066148051933652332,-0.00033208817680659922
2023-04-24,wf_2023,-0.0055831934094080675,-0.0052087258209411614,-0.0040953633450118102
2023-04-25,wf_2023,0.0076907263995640296,0.0073108418861210847,0.0065096640881493716
2023-04-26,wf_2023,-0.0021488589591742522,-0.002246201201578253,-0.0016544947631750503
2023-04-27,wf_2023,0.0019554576930402852,0.0023950878544976044,0.0035269377706545176
2023-04-28,wf_2023,0.0019432361077199403,0.0015947670724735866,0.0018128149235901077
2023-05-01,wf_2023,-0.0013056247356098745,-0.0013041340659240286,-0.0012890681873880853
2023-05-02,wf_2023,0.011016858020371112,0.010742176401350872,0.010352704351181456
2023-05-03,wf_2023,-0.0027364890474328813,-0.0023657415331537223,-0.0017975684084536095
2023-05-04,wf_2023,0.0016353271187394269,0.0022872909769264399,0.0045379374108500369
2023-05-05,wf_2023,4.0935578418166852e-05,0.00036817989401632554,0.00021481542079350349
2023-05-08,wf_2023,-0.0021696030901692436,-0.0020637181961974298,-0.0017186585632050491
2023-05-09,wf_2023,-0.0030704952677996404,-0.0027207214675289198,-0.0017450831335330168
2023-05-10,wf_2023,-0.010466205371961579,-0.010285404513526435,-0.0093826642307595683
2023-05-11,wf_2023,-0.004440959264558582,-0.0043096809945988709,-0.0047841564352671144
2023-05-12,wf_2023,-0.0046013916500112955,-0.0043649055350334712,-0.0045568794269976072
2023-05-15,wf_2023,0.0033616038584778352,0.0031255976405841429,0.0027564665386112146
2023-05-16,wf_2023,-0.0026079827269526543,-0.0024049204531080299,-0.0027010832060295046
2023-05-17,wf_2023,0.0037512347485413504,0.0034854032685088031,0.0031639196696811528
2023-05-18,wf_2023,-9.5117737679228931e-05,4.3133624050070837e-05,2.9005671152768911e-05
2023-05-19,wf_2023,-0.0039631305633718488,-0.0038267269855635101,-0.0035902164739521204
2023-05-22,wf_2023,0.0010810351164938965,0.00095203699953521834,0.00041433092770880981
2023-05-23,wf_2023,0.0040721362751211338,0.0039047653151910782,0.0039661824312194815
2023-05-24,wf_2023,0.0066184447187047262,0.0063564563804690052,0.0060745394083275058
2023-05-25,wf_2023,0.004938873538417524,0.0050354715653627806,0.0036219509086885789
2023-05-26,wf_2023,0.0085078875534346406,0.0082124377180379828,0.0075789754826692795
2023-05-30,wf_2023,-0.0030467693527935396,-0.0031386698774487831,-0.0034445365019571484
2023-05-31,wf_2023,0.00025189413098969382,0.00014887305755120577,-0.00048034002666362877
2023-06-01,wf_2023,0.0058449481792653968,0.0058498255910436059,0.0058400012629328275
2023-06-02,wf_2023,0.0099527420605231183,0.009065952307639423,0.0080004106395925537
2023-06-05,wf_2023,-0.0029448828304241741,-0.0024202088420152042,-0.0011699910972646156
2023-06-06,wf_2023,-0.00022475058488186095,-0.0001380842905152255,-0.0001561313939777764
2023-06-07,wf_2023,-0.0019464311175447961,-0.0025365538229317605,-0.0046938706106999795
2023-06-08,wf_2023,-0.0023040210897840394,-0.0017804344900499603,-0.0001088365338000025
2023-06-09,wf_2023,-0.00077228327029676969,-0.00085914040124249495,-0.00069345137619456756
2023-06-12,wf_2023,0.00028379370280031324,0.00063180336653660728,0.0014608356384782195
2023-06-13,wf_2023,0.0017912584863316961,0.0013882035678020889,0.00096750510020995341
2023-06-14,wf_2023,0.00048644243748235938,0.00012099386484886918,-0.00059869140532491723
2023-06-15,wf_2023,0.0048077829598452224,0.0046496205155631999,0.0039918700982226928
2023-06-16,wf_2023,-0.0022883051633840927,-0.0017872970640532234,-0.00062388647351625435
2023-06-20,wf_2023,0.0024255169566379329,0.0025538747038896708,0.0029675490301141242
2023-06-21,wf_2023,-0.0027364861790142303,-0.0024837885219315802,-0.0022093958285470715
2023-06-22,wf_2023,-0.0030405325854966727,-0.0029254457248610215,-0.002839311665917171
2023-06-23,wf_2023,-0.0020683493289821442,-0.0026530192358187417,-0.0039892371050503622
2023-06-26,wf_2023,-0.0007593205910972346,-0.00038699698338021403,0.00017390804699412372
2023-06-27,wf_2023,0.00305984057026365,0.0030083129000718365,0.0029843283022493779
2023-06-28,wf_2023,-0.0024517318702036439,-0.0025409984406269915,-0.0029841433665464693
2023-06-29,wf_2023,0.00077201792983833117,0.0004570245945471074,0.00030001118416739074
2023-06-30,wf_2023,-0.0017516709450075918,-0.0016087368803625211,-0.00047617004892293356
2023-07-03,wf_2023,-0.0013799271023179163,-0.001534494088508009,-0.0017258691790605159
2023-07-05,wf_2023,-0.0015932750740863717,-0.0014930051341543679,-0.0011129520781126381
2023-07-06,wf_2023,0.0030795379759923081,0.002581760526510911,0.0013948623634604722
2023-07-07,wf_2023,0.0014044880172049781,0.0015255684211712848,0.0017931792993328159
2023-07-10,wf_2023,0.0010326491360764427,0.00056275128600266101,-0.00074479794103208814
2023-07-11,wf_2023,0.0015322068089107335,0.001335663743829267,0.0014984876251018014
2023-07-12,wf_2023,0.0044575310023367183,0.0040032921334732649,0.0032971281191245942
2023-07-13,wf_2023,0.0038025617828323362,0.0035189752995122212,0.0027910499356373418
2023-07-14,wf_2023,0.00015433304216962629,0.00045879746446530171,0.0010183886828179875
2023-07-17,wf_2023,-0.00057012689000450012,-0.00048235078369975926,-4.0614479199195855e-05
2023-07-18,wf_2023,0.0020718910596052012,0.0019093390181052399,0.0019291180082586594
2023-07-19,wf_2023,-0.001019276653304535,-0.0010251408003509267,-0.00074398843366657098
2023-07-20,wf_2023,0.0046536669589959572,0.0044694995100879164,0.0027481210731006844
2023-07-21,wf_2023,-0.003174459497312339,-0.0033148603227543911,-0.0036417523708941607
2023-07-24,wf_2023,-0.0018468770827241483,-0.0016461344906320338,-0.0012064147197862472
2023-07-25,wf_2023,-0.0011594363235438534,-0.00099932790384406377,-0.00066089702663340677
2023-07-26,wf_2023,-0.0039920356229219967,-0.0040039191714080916,-0.0041771021762280133
2023-07-27,wf_2023,-0.0017288972542323087,-0.0016868027813551803,-0.0018805829304153051
2023-07-28,wf_2023,-0.011705376693020075,-0.011492165771531539,-0.010780283235108414
2023-07-31,wf_2023,0.0020781540446323334,0.0017036952755448292,0.00073647635958509186
2023-08-01,wf_2023,-0.0026669657264725326,-0.002310745216291943,-0.0012171839659231962
2023-08-02,wf_2023,0.0023703159058558647,0.002797013082842149,0.0037416082703292711
2023-08-03,wf_2023,-0.0027728817448205803,-0.0026386530713498222,-0.0020856334643918062
2023-08-04,wf_2023,-0.0014485712020601003,-0.0011198111864962083,-0.0010596401620250053
2023-08-07,wf_2023,-0.0027575593173028712,-0.0029798984181918535,-0.0035016856037087267
2023-08-08,wf_2023,-0.0061200369055988508,-0.0059368992148729404,-0.0058432668911020391
2023-08-09,wf_2023,-0.008339568644224471,-0.0080649662800141159,-0.0077880431687674268
2023-08-10,wf_2023,-0.0069118771807178767,-0.0067460824911038395,-0.0062891330062030621
2023-08-11,wf_2023,-0.0017897973945592003,-0.0018792246830774068,-0.0020348583643926706
2023-08-14,wf_2023,-0.0010870215885922148,-0.0008867078454343712,-0.0007556936952508765
2023-08-15,wf_2023,-0.0011246912021672197,-0.0011344370181073636,-0.00047177641724636135
2023-08-16,wf_2023,0.0047144404361967873,0.0042719402576854365,0.0031461003000410282
2023-08-17,wf_2023,0.0042671420379281622,0.0038736279092373236,0.0033555571248758851
2023-08-18,wf_2023,0.00019818156811729493,0.00043615051331258672,0.00072619161886442471
2023-08-21,wf_2023,0.00205128356722728,0.0018972417176955361,-6.8570140988253464e-05
2023-08-22,wf_2023,-0.0021018216378180985,-0.0019704091636298005,-0.0016978650604479065
2023-08-23,wf_2023,0.0026438177729155021,0.0025422949408243061,0.0020667981773751167
2023-08-24,wf_2023,0.0033674473404939525,0.0034687244676192561,0.0031204119132494492
2023-08-25,wf_2023,-0.0059338352641161163,-0.0058540476586761096,-0.0053583664815490418
2023-08-28,wf_2023,0.0030448660572685391,0.0029547981554195186,0.0027724624240440103
2023-08-29,wf_2023,0.010964745646163676,0.010935567903857142,0.010243663939840261
2023-08-30,wf_2023,-0.00035427621470431498,-0.00056392181501909084,-0.00072723932204914925
2023-08-31,wf_2023,-0.0015907546354768285,-0.0016127058011768253,-0.0020081342861705074
2023-09-01,wf_2023,-0.0030212633381793879,-0.0026053849612851462,-0.0016501524116082356
2023-09-05,wf_2023,-0.0024584193881651561,-0.0021470956613357578,-0.0014272412645684016
2023-09-06,wf_2023,0.0018487604059114389,0.0020492408153922762,0.0026470053572568561
2023-09-07,wf_2023,-0.0030453954349085595,-0.003206593715994392,-0.0029037146465184251
2023-09-08,wf_2023,-0.0013131236986893187,-0.0013334957715912443,-0.0014920681736735198
2023-09-11,wf_2023,-0.0028358310161533673,-0.0026051894869132128,-0.0022577003394309964
2023-09-12,wf_2023,-0.0024227380557133027,-0.0024001772157551857,-0.0027878077962978217
2023-09-13,wf_2023,-0.0009424157667677161,-0.0010481261685618792,-0.0012185054227165522
2023-09-14,wf_2023,0.0003207262896935959,0.00054976488925628851,0.0012460755861665009
2023-09-15,wf_2023,0.0010303430943620813,0.0012432118016507201,0.0015914378115777159
2023-09-18,wf_2023,-0.0006777912057892207,-0.00087895242396570457,-0.0017448480307594367
2023-09-19,wf_2023,-9.5998278633780028e-07,6.6304073690977359e-05,0.00023218860337044346
2023-09-20,wf_2023,0.0059061774894872037,0.0061160758093716039,0.0062215079637035244
2023-09-21,wf_2023,0.011573059797538383,0.011333722428829355,0.011106278367821597
2023-09-22,wf_2023,-0.0050038493848875154,-0.0050192999692725724,-0.0042766867889788129
2023-09-25,wf_2023,-0.0021093629077568732,-0.0019440054342894531,-0.0015600497383222599
2023-09-26,wf_2023,0.0016454862454279664,0.0014816981177510273,0.0014017172009048206
2023-09-27,wf_2023,-0.0085965189847530179,-0.0076676214206544396,-0.0048232833751124136
2023-09-28,wf_2023,0.0070143143736171769,0.0069423763287010483,0.0069322943313130242
2023-09-29,wf_2023,4.1315007683432659e-05,-2.696381646309843e-05,2.45823690424395e-05
2023-10-02,wf_2023,0.00044748480370054833,3.6165253337253197e-05,0.00010290922260822156
2023-10-03,wf_2023,0.0038492783033574245,0.0034833594164286209,0.0036442084171954253
2023-10-04,wf_2023,-0.0016951439350096724,-0.0016804750454759247,-0.0013797927456168605
2023-10-05,wf_2023,-0.0091835413459840538,-0.0089932148720868865,-0.008645457669551538
2023-10-06,wf_2023,2.5669106747524033e-05,0.0002479417780375368,-0.00022617832756623212
2023-10-09,wf_2023,-0.0040630087351461262,-0.0038441347388872144,-0.002738645364086472
2023-10-10,wf_2023,0.0074729908395504783,0.0072959343287230371,0.0068354928023839157
2023-10-11,wf_2023,-0.0010580953700931963,-0.0011907222544189,-0.0012909935487789431
2023-10-12,wf_2023,-0.0018572665559638357,-0.0026407604667982561,-0.0054636153538391834
2023-10-13,wf_2023,0.0013404191324632813,0.00075404087314668894,-0.0011913016212811672
2023-10-16,wf_2023,-0.00098317807260108392,-0.00062394863465162469,-0.00019071802500371165
2023-10-17,wf_2023,-0.0097035897887769815,-0.010500343390071273,-0.012552339241202037
2023-10-18,wf_2023,0.0060965344358235116,0.0063795848086859175,0.0077917146078201284
2023-10-19,wf_2023,0.0020739821515276717,0.0015326246632999883,0.0010050305810524642
2023-10-20,wf_2023,0.0098152980589524992,0.0096113989656308844,0.0091630372647418662
2023-10-23,wf_2023,-0.0055378927514340703,-0.0059402329418574056,-0.0072702444544406556
2023-10-24,wf_2023,-0.014940233624724759,-0.014785924314050371,-0.014631441320518662
2023-10-25,wf_2023,-0.0021569877094658185,-0.002404471362002373,-0.0030762332949952256
2023-10-26,wf_2023,-0.00361279926693638,-0.0026215487735574889,0.00010387019392382236
2023-10-27,wf_2023,-0.0032642660261368679,-0.0030005786637988924,-0.0019997281725718788
2023-10-30,wf_2023,-0.0052847754814860926,-0.0051379516897788772,-0.004063068129707483
2023-10-31,wf_2023,0.0014729662135218684,0.0012925294064669653,0.0018098931341072376
2023-11-01,wf_2023,0.00082927258226180489,0.00092216920436293903,0.001460792842218587
2023-11-02,wf_2023,0.012777271973616666,0.01263599581362515,0.012718946194746152
2023-11-03,wf_2023,0.0061745584031274725,0.0051394659880302281,0.0032829370320306413
2023-11-06,wf_2023,-0.001750761319150103,-0.0015888773448098576,-0.00071796574025904209
2023-11-07,wf_2023,0.00076463467590677969,0.00074358439801754193,0.00026132467370202977
2023-11-08,wf_2023,-0.00049376705960004397,-0.00059878828935039494,-0.0012288281327686279
2023-11-09,wf_2023,0.0025245163602025849,0.0023433905846271422,0.001585588252283767
2023-11-10,wf_2023,-0.00011522532870295032,0.00021564860682179459,0.0010111767557215785
2023-11-13,wf_2023,-0.0038377554935145235,-0.0035660591538766774,-0.0025779037799331167
2023-11-14,wf_2023,0.0094513971464129463,0.0076601121400093775,0.0037438960970337665
2023-11-15,wf_2023,-0.00095701107796693663,-0.001134970583801916,-0.0013652661525620589
2023-11-16,wf_2023,0.0040824574399002111,0.0034571261591409821,0.0020876074093456763
2023-11-17,wf_2023,0.0011433089961107403,0.001297686990322738,0.0018817531837360916
2023-11-20,wf_2023,0.0042560384962889719,0.0040706334059847065,0.0037703258725754938
2023-11-21,wf_2023,-0.0035593614258282442,-0.0033949938485959932,-0.0031246785880190103
2023-11-22,wf_2023,-0.0032207348439945438,-0.0028512660940766734,-0.00150085083128733
2023-11-24,wf_2023,-0.00059271906573736077,-0.00054716550299423866,-0.00039749484372370551
2023-11-27,wf_2023,-0.0030567952992104352,-0.0027426977869431106,-0.0018002946724112721
2023-11-28,wf_2023,-0.0050935183871161725,-0.0048548707696723517,-0.0046192721689294041
2023-11-29,wf_2023,-0.0092953546619509164,-0.0085602632174818418,-0.0065777173845351809
2023-11-30,wf_2023,-0.0011326323250506938,-0.00080522468963365606,-0.00042552964225735896
2023-12-01,wf_2023,0.0069228487283379816,0.0062453215507081473,0.0052399995482695864
2023-12-04,wf_2023,-0.0037948274352617157,-0.0040519006455740749,-0.0048741706561172913
2023-12-05,wf_2023,-0.0010883351175700051,-0.00087981762882166376,-0.00048783088021926095
2023-12-06,wf_2023,-0.0045287539740261331,-0.0037114146708044074,-0.0018656497439119406
2023-12-07,wf_2023,-0.0038392235602326035,-0.0036040521578834467,-0.0033332829586851151
2023-12-08,wf_2023,0.00015901978090232527,-3.3039610180929445e-05,-0.00023509528134761724
2023-12-11,wf_2023,0.0010469226100395246,0.0011035574523561402,0.0011928186969650835
2023-12-12,wf_2023,-0.0014699218015763276,-0.00099938733849966083,0.00019524131405465649
2023-12-13,wf_2023,0.0023949742840338457,0.0026824417980195014,0.0037601882161939497
2023-12-14,wf_2023,0.0078574497267147967,0.0070422424263246889,0.0057488460935089334
2023-12-15,wf_2023,-0.00075246448993154802,-0.00074657089610194601,-0.00021322372549440583
2023-12-18,wf_2023,-0.0014384687377634504,-0.0013797934018053971,-0.0017743443063987839
2023-12-19,wf_2023,0.0014663296670500703,0.0014523988499614417,0.0018293867414781572
2023-12-20,wf_2023,0.0075320847227964838,0.0079293894391664066,0.0088351183261639668
2023-12-21,wf_2023,-0.0072774878450876743,-0.0070870469998561636,-0.0065610791123724577
2023-12-22,wf_2023,0.0023315159040195503,0.0020140401941575437,0.0014695150043569629
2023-12-26,wf_2023,0.00087030896455157303,0.00073160864343694459,0.00045226730771357604
2023-12-27,wf_2023,-0.00072207738560755208,-0.00075819910738980016,-0.00083828803372741633
2023-12-28,wf_2023,-5.3208014645737357e-05,-0.00010499451625289957,-0.00030255246624781671
2023-12-29,wf_2023,0.0022115147996834002,0.0016717628040142977,0.00010734607702821285
2024-01-02,wf_2024,-0.00037743356666936062,-0.00055976590899562318,-0.0011634460485121323
2024-01-03,wf_2024,0.0026146229861849033,0.0015794628440053717,-0.00046594564340460927
2024-01-04,wf_2024,-0.00059853997780120094,-0.00059396103014916512,-0.00019809998944387208
2024-01-05,wf_2024,-0.0055295785258004191,-0.0054675585535558478,-0.0054149300404675244
2024-01-08,wf_2024,0.0033148905484061686,0.0034576484621207698,0.0041469507648138207
2024-01-09,wf_2024,-0.00516756412287996,-0.0046107328440673735,-0.0034137503086180739
2024-01-10,wf_2024,-0.00072467604433501531,-0.00046481242359530564,0.00016022014104319078
2024-01-11,wf_2024,-0.0057124940297294527,-0.0049777655396787707,-0.003920039897589731
2024-01-12,wf_2024,-0.0021722468962088919,-0.0020690302395139732,-0.0018504649168968389
2024-01-16,wf_2024,-0.0011816293143769308,-0.0016361667164472783,-0.0025157215920816839
2024-01-17,wf_2024,0.0015407866787240378,0.0012520604773813354,0.0012227467652815456
2024-01-18,wf_2024,-0.00086810276325664337,-0.00041003414386826256,0.00018958560784755932
2024-01-19,wf_2024,0.0077420650153534228,0.0073397816262174131,0.0064592804472706437
2024-01-22,wf_2024,0.0035204204195367437,0.0028292720916946851,0.0016745902841863235
2024-01-23,wf_2024,-0.0024229742435178574,-0.0020190412611691753,-0.0010991240983997273
2024-01-24,wf_2024,0.0019990999100410281,0.0023629463657062122,0.0025922993917526721
2024-01-25,wf_2024,-0.0072548196439835011,-0.007069504575686893,-0.0070497872639512325
2024-01-26,wf_2024,-0.0025109260832021918,-0.0024124564349355341,-0.0027614092425557323
2024-01-29,wf_2024,0.0043949892606515162,0.0040735623520155705,0.0037103631168954841
2024-01-30,wf_2024,-0.0051836321261181277,-0.0048496003828107214,-0.0035664895093708475
2024-01-31,wf_2024,0.0057263965730158977,0.0048422844410955001,0.0034259703148399527
2024-02-01,wf_2024,-0.0015263455862981239,-0.0013570669529943706,-0.0015186040115354718
2024-02-02,wf_2024,0.0013400994714391121,0.0024136581970864673,0.0042809407131861373
2024-02-05,wf_2024,-0.0085861520671588094,-0.0076296590824824527,-0.0061465427122136323
2024-02-06,wf_2024,-0.0021824123224331209,-0.0020098901974520324,-0.0011151993495880229
2024-02-07,wf_2024,0.0016016740522330855,0.001887464868820983,0.0027392455906201322
2024-02-08,wf_2024,0.00238847380160249,0.0018375440615116352,0.00050519744881801767
2024-02-09,wf_2024,0.004045521762175615,0.0034727665177519047,0.0022474935609075159
2024-02-12,wf_2024,0.0040941140202066326,0.0034713269421631464,0.0018995081726590158
2024-02-13,wf_2024,0.0060405180258159925,0.0069608885822122274,0.0085062924963632564
2024-02-14,wf_2024,0.00051210741704086704,0.00038546280944352798,-0.00046126954774176394
2024-02-15,wf_2024,0.0079442597647181121,0.0070308303966607833,0.0056331157050010334
2024-02-16,wf_2024,-0.0057076709755066908,-0.0052686798012239779,-0.0033721741979895357
2024-02-20,wf_2024,0.01069341470572473,0.010409031640809766,0.0081721615139505425
2024-02-21,wf_2024,-0.0016503423783890321,-0.0020386771617139721,-0.0029605887066301703
2024-02-22,wf_2024,0.0046570859339235176,0.0053051582450900471,0.0066355349442928499
2024-02-23,wf_2024,-0.0026620099416319229,-0.0027264700299280973,-0.0028212242070372955
2024-02-26,wf_2024,-0.0020768678816983814,-0.0018854000059846901,-0.0011564460651260285
2024-02-27,wf_2024,0.0020794172021208848,0.001633928018548299,0.00077487040637126388
2024-02-28,wf_2024,-0.0017263528462074609,-0.0015966771225121301,-0.00084825825307752265
2024-02-29,wf_2024,-0.0081530083493182026,-0.0072164409433945718,-0.0047424260131522719
2024-03-01,wf_2024,0.005614021131145527,0.0055360418348578836,0.0050488858955309041
2024-03-04,wf_2024,-0.00065996665449639469,-0.00076488691506679338,-0.00065516879886407323
2024-03-05,wf_2024,0.0050209976143414936,0.0047997110787835152,0.003929800968149301
2024-03-06,wf_2024,-0.0013553961291922025,-0.0009732988672987357,-0.0012244147778779206
2024-03-07,wf_2024,0.0020717550631551744,0.0018015320287195404,0.0014018630818056557
2024-03-08,wf_2024,-0.0024807168573150089,-0.0023568083931515263,-0.0016357906749944907
2024-03-11,wf_2024,4.1854861023242094e-05,-0.00039511367868011818,-0.0010057416491803912
2024-03-12,wf_2024,0.0013814026083751227,0.0017066328243494121,0.0027057602431708031
2024-03-13,wf_2024,-0.0020668463200169498,-0.0018675737623556317,-0.0012118267999852352
2024-03-14,wf_2024,0.0030071129647643207,0.0028778358398654173,0.0025853665877238587
2024-03-15,wf_2024,0.0010645091819002825,0.0012520898821801471,0.001942193567505622
2024-03-18,wf_2024,-0.0042174033274797549,-0.0038907455058079946,-0.0020266610115711463
2024-03-19,wf_2024,-0.004972524264824584,-0.0045563421299893297,-0.0032847993341604126
2024-03-20,wf_2024,0.0061912194416830664,0.005857473300935858,0.0048310523247531503
2024-03-21,wf_2024,0.009850006233712497,0.0097391602195003382,0.0086939622601294383
2024-03-22,wf_2024,0.00035815193952049007,0.00038871493686941437,0.00060792922071242056
2024-03-25,wf_2024,-0.0044265573706419592,-0.0039854722949148845,-0.0021149461936127443
2024-03-26,wf_2024,-0.0001340304524321545,-0.00010931337873195017,-4.5320023672460964e-05
2024-03-27,wf_2024,0.0018279589145139272,0.0014563396014753058,0.00083758798452870855
2024-03-28,wf_2024,0.0011389531640384292,0.0010417868264584178,0.0009437773747847509
2024-04-01,wf_2024,-0.00086245090566030214,-0.00097527167564860531,-0.00039965733901243757
2024-04-02,wf_2024,0.0052370267766167662,0.0048000351406978919,0.0047166701201490462
2024-04-03,wf_2024,-0.0012521296436086571,-0.0012617678799898065,-0.001445351319598488
2024-04-04,wf_2024,0.0046187478665990853,0.0048600234886955031,0.004995339136832486
2024-04-05,wf_2024,-0.010553440491732902,-0.010443705812402521,-0.010054695684504983
2024-04-08,wf_2024,-0.00072988657060944295,-0.00073126128775771553,-0.00063005335418390323
2024-04-09,wf_2024,-0.0049045954916916434,-0.004962712477991453,-0.005418648182220571
2024-04-10,wf_2024,-0.0032482786759565618,-0.0036899029712634613,-0.0042456697068682242
2024-04-11,wf_2024,0.0081804915036045953,0.0079965289324625041,0.006362918350009723
2024-04-12,wf_2024,0.00026696695885860188,0.0007948264075823973,0.0014825895981797727
2024-04-15,wf_2024,0.0011839915940208092,0.00053242719879828928,-0.00091616786807549979
2024-04-16,wf_2024,-0.002710576939126963,-0.0029967718411982305,-0.0032164952184385951
2024-04-17,wf_2024,-0.0023929599559738466,-0.002611677710794384,-0.003212734648744389
2024-04-18,wf_2024,-0.0068149764743000345,-0.0063874485361409801,-0.0066212589389970551
2024-04-19,wf_2024,0.0051043758156785381,0.0049203767589899878,0.0036720195156620637
2024-04-22,wf_2024,0.0017104337935228326,0.0017371907442036939,0.001665968004881337
2024-04-23,wf_2024,0.0085891516133673358,0.0080425238218795603,0.0069260091373885653
2024-04-24,wf_2024,-0.0038392428138054875,-0.0037629204146679999,-0.0032927844824554814
2024-04-25,wf_2024,-0.001835468393329857,-0.0020683154597063566,-0.0031057283708306434
2024-04-26,wf_2024,0.011734738391305084,0.011751226553566238,0.010959283913714703
2024-04-29,wf_2024,-0.0013614837630118724,-0.0016609064038593893,-0.0013851167870075573
2024-04-30,wf_2024,0.0083335213146821241,0.0079774557867075702,0.0077787449571154448
2024-05-01,wf_2024,-0.013540536536858697,-0.012820123832923002,-0.012129183253426426
2024-05-02,wf_2024,0.0080652836386283511,0.0074005605721154891,0.0051624529519195151
2024-05-03,wf_2024,0.005011492817871166,0.0045670764168870906,0.0037724161355864871
2024-05-06,wf_2024,0.0027216201473389359,0.002350570988701106,0.0024441587692749858
2024-05-07,wf_2024,0.00029552706063697604,0.00016444911311591838,-8.3336421275232082e-06
2024-05-08,wf_2024,-0.0010434702370800317,-0.0010298289796450727,-0.00096388397763724418
2024-05-09,wf_2024,0.0023804959671207917,0.002180637068116525,0.0018975448512864161
2024-05-10,wf_2024,-0.0013156945748523663,-0.0010451532369775952,-0.00036617124702162352
2024-05-13,wf_2024,-0.0034637289421855879,-0.0028589417273344759,-0.0015502700544506131
2024-05-14,wf_2024,-0.0026337468772865318,-0.0022372111655664505,-0.0013052088723123148
2024-05-15,wf_2024,0.007862758704362649,0.0075700329918920676,0.0071195455980751941
2024-05-16,wf_2024,-0.00063158843136362774,-0.00050037231403985403,-0.00022956108045228945
2024-05-17,wf_2024,-0.00070838371469206241,-0.0006554566620696606,-0.00058861591140420126
2024-05-20,wf_2024,-0.00025313410130023417,-0.00020526513581938015,-0.00024321893276957492
2024-05-21,wf_2024,-0.0010482390431070612,-0.00098837103004957854,-0.00066602321752619808
2024-05-22,wf_2024,-0.0032457001622611297,-0.0031606016785722156,-0.0030304697678079193
2024-05-23,wf_2024,0.00083823833077367781,0.00054641228759261858,0.00076565226280400807
2024-05-24,wf_2024,-0.0049577321398352097,-0.0045442038454358456,-0.0036403753267696985
2024-05-28,wf_2024,-0.0026474235888726176,-0.002463610882669596,-0.0021488187215885452
2024-05-29,wf_2024,0.002649107102740226,0.0022817303582652318,0.0024647506979583872
2024-05-30,wf_2024,0.0018745876447806376,0.0019855787051806543,0.0016471607759659856
2024-05-31,wf_2024,0.0037657789075761223,0.0046039550254074763,0.0056208532557032957
2024-06-03,wf_2024,-0.008748524890932214,-0.0081822899067053746,-0.0059484817912759478
2024-06-04,wf_2024,0.0011243684436955852,0.00060259426277096571,-0.00040900038041382253
2024-06-05,wf_2024,0.0080779619015762059,0.0079240371281182297,0.0071005208965271684
2024-06-06,wf_2024,-0.001424997341764674,-0.0013646939051867243,-0.0014721981752445202
2024-06-07,wf_2024,-0.00021096198336995053,-0.0005525228806499738,-0.0011369242233465126
2024-06-10,wf_2024,-0.0016797489373376697,-0.0017478661274747047,-0.00177250580997775
2024-06-11,wf_2024,-0.0046442557391695449,-0.0039678493257636243,-0.0026873228265310682
2024-06-12,wf_2024,0.0074918170915985547,0.0069890081782244783,0.0058731752140057884
2024-06-13,wf_2024,0.0018189825647098032,0.001390948861424072,0.00060161933082484025
2024-06-14,wf_2024,0.0017701338518557781,0.001111742454844573,-0.0011068066501650118
2024-06-17,wf_2024,0.0061732422502168696,0.0061298422267584505,0.0057709548840775352
2024-06-18,wf_2024,9.6144608718355256e-05,9.2434780573768209e-05,0.0004710961807612295
2024-06-20,wf_2024,-0.0012657801691050756,-0.001506348948953842,-0.002895505370137668
2024-06-21,wf_2024,-0.0007373555024185463,-0.00076035280066437155,-0.00059098927252288478
2024-06-24,wf_2024,0.0017316296247976333,0.0015164596124145552,0.00023098534538809617
2024-06-25,wf_2024,-0.0015389711218559881,-0.0014672405154407774,-0.0013249018740259244
2024-06-26,wf_2024,-0.00083985993443227058,-0.00071460259649061965,-0.00057312060480099725
2024-06-27,wf_2024,-0.0015272055338814705,-0.0016634715614456176,-0.0016702607534950706
2024-06-28,wf_2024,-0.0049927874531110836,-0.005174808242699452,-0.0057411677857429483
2024-07-01,wf_2024,-0.0011745716338579606,-0.0011309423426536342,-0.0009837964640757237
2024-07-02,wf_2024,0.00151594395581676,0.0015986653199973196,0.0018644091798393748
2024-07-03,wf_2024,0.0012325717281014463,0.0012203595128827691,0.0012075599945609709
2024-07-05,wf_2024,0.0017628248768061052,0.0018592242503889399,0.0021172085253619408
2024-07-08,wf_2024,-0.0037039662140100349,-0.003209747689683475,-0.0020149304123498945
2024-07-09,wf_2024,-0.0017109663542551425,-0.0015803199833401987,-0.0012363299089170712
2024-07-10,wf_2024,0.0030074852699359198,0.002765045934485664,0.0028914908836816899
2024-07-11,wf_2024,0.0086604767810819112,0.0075186876223534965,0.0037012947774900185
2024-07-12,wf_2024,-0.0031687041665063309,-0.0032559686535620826,-0.0036160047152053948
2024-07-15,wf_2024,-0.0016058392745770811,-0.0023918033422553244,-0.0036264298609245843
2024-07-16,wf_2024,0.0030498096924972034,0.0019354952781745864,-0.00062576371340543292
2024-07-17,wf_2024,-0.0010892964987856413,-0.0012236556262814713,-0.0021559352290808007
2024-07-18,wf_2024,0.00074711979988619404,0.00023171218204495498,-0.0014375827066787296
2024-07-19,wf_2024,0.00094596097736419438,0.00072832989604443049,0.00099817921975416373
2024-07-22,wf_2024,-0.0017699125482578129,-0.0021323930857435644,-0.0025065719316662272
2024-07-23,wf_2024,0.002246694563129481,0.0018065713008372437,0.00094833528187441521
2024-07-24,wf_2024,0.015161394943409807,0.01437549827010581,0.011469620225080241
2024-07-25,wf_2024,-0.011249056008704367,-0.010499832175177727,-0.0092233365121272594
2024-07-26,wf_2024,-0.013299535448869285,-0.013311456191549654,-0.012713095239345999
2024-07-29,wf_2024,-0.0030449858543650597,-0.0028086743199416497,-0.0017323535132454312
2024-07-30,wf_2024,0.00089229732676758078,0.0010327033809067283,0.00029611533907674526
2024-07-31,wf_2024,-0.0038313151066439542,-0.0033513628240703563,-0.0029484963305448351
2024-08-01,wf_2024,0.0094461789184012886,0.0096997874685672766,0.0089515147215963806
2024-08-02,wf_2024,0.0086219934969024945,0.0076810517301361464,0.0065449335111399673
2024-08-05,wf_2024,-0.020868657232472516,-0.023494872330744793,-0.023841770694646151
2024-08-06,wf_2024,0.003731984149583774,0.0047852792436160595,0.004501133595790437
2024-08-07,wf_2024,0.0086822185856002907,0.0081824660268677782,0.0072501512019165605
2024-08-08,wf_2024,-0.0057380538997338082,-0.0055510234547770168,-0.0053633041319355017
2024-08-09,wf_2024,-0.0026726229803097725,-0.0024094358641618299,-0.0010060282256338544
2024-08-12,wf_2024,-0.0024783828029986501,-0.0027332684372266152,-0.002711989438903219
2024-08-13,wf_2024,0.0067682566766309824,0.0067896646465385848,0.0068277845265441155
2024-08-14,wf_2024,-0.0034488309159442969,-0.0029454286149532558,-0.0010773818474305505
2024-08-15,wf_2024,0.0088330924187505939,0.0089741801555996616,0.010073710397766396
2024-08-16,wf_2024,-0.0033012314431940335,-0.0030633817153131789,-0.0021992495583206414
2024-08-19,wf_2024,0.0044478070716200873,0.0041685716026972734,0.004031050826519644
2024-08-20,wf_2024,-0.0029074244638525406,-0.0025020436503090096,-0.0014552585947187132
2024-08-21,wf_2024,-0.00035256621829895152,-0.00045530274598836438,-0.0012557524583519651
2024-08-22,wf_2024,-0.0016783826341611463,-0.0015128225532465326,-0.0016001919567093274
2024-08-23,wf_2024,-0.0023187705685913289,-0.0025085401980338724,-0.0028831838158947139
2024-08-26,wf_2024,-0.0036970921107763082,-0.0037253730579140439,-0.0032512639164127685
2024-08-27,wf_2024,-0.00010604136393967578,-6.1853270539732495e-05,-2.0971261473858244e-05
2024-08-28,wf_2024,-0.00041679627287570064,-0.0005084271299473093,-0.0009117668952976837
2024-08-29,wf_2024,-0.0011594387515803288,-0.00044515067756373413,0.0002743600489138096
2024-08-30,wf_2024,-0.0031942330626793338,-0.0032641654203083973,-0.0027744389421823904
2024-09-03,wf_2024,0.00012068981954297748,-0.0006103954713808416,-0.0026422453603604013
2024-09-04,wf_2024,-0.0012732556445352317,-0.0012963258092846173,-0.00085924883089857971
2024-09-05,wf_2024,-0.0077576805315829143,-0.0080896975766351093,-0.0081514214361037007
2024-09-06,wf_2024,0.0093022750807822217,0.0090561009774473011,0.0083693065003619636
2024-09-09,wf_2024,0.001043053802516162,0.0015565056190919566,0.001795726936594392
2024-09-10,wf_2024,-0.0021410511662366218,-0.0027175749970433064,-0.004579454655812696
2024-09-11,wf_2024,-0.0054515214044314839,-0.0043853148560957823,-0.0038556375339239661
2024-09-12,wf_2024,0.0057073376661019486,0.0051632677869723684,0.0045121750625951671
2024-09-13,wf_2024,0.0025961899383207623,0.0017271512637158514,0.00078429037784396205
2024-09-16,wf_2024,-0.0019912296574422688,-0.001928668698758026,-0.0014471838036590281
2024-09-17,wf_2024,-0.0012281237526655109,-0.0015226811006806816,-0.0018689916604133999
2024-09-18,wf_2024,-0.0094646833179423857,-0.0086359022335252694,-0.0062407814350470409
2024-09-19,wf_2024,0.011754019901052848,0.011135022584534495,0.0096334509492892531
2024-09-20,wf_2024,-0.0016201833436240525,-0.001442834151551066,-0.0015556463990201385
2024-09-23,wf_2024,0.0002765671374860279,0.00010940451437164171,-0.00021536608179117383
2024-09-24,wf_2024,-0.0026030675401399472,-0.0024131019701305947,-0.0015764328075305537
2024-09-25,wf_2024,0.001110351668181649,0.00087112175697264037,0.00030636970163218765
2024-09-26,wf_2024,-0.0076409481260312408,-0.0075662976295502614,-0.0073349539349797481
2024-09-27,wf_2024,-0.00088523545997783626,-0.00076116181546146853,-0.00039177488999828287
2024-09-30,wf_2024,-0.0047564664066212878,-0.0042906502584336096,-0.0030971179744452644
2024-10-01,wf_2024,0.00097333051344343025,4.9811425367796733e-05,-0.0035360165728911684
2024-10-02,wf_2024,-0.0059727214844650742,-0.0058880047291894437,-0.0050646118026788237
2024-10-03,wf_2024,-0.002015910936448706,-0.0019595128852216304,-0.0018335772415675792
2024-10-04,wf_2024,-0.0054885384361682736,-0.0051557839548592877,-0.0037980855462538014
2024-10-07,wf_2024,-0.0007754914638431476,-0.0005056206273766976,0.00018771435430961023
2024-10-08,wf_2024,-0.004352162454574815,-0.0042938934042561737,-0.0040453311321321326
2024-10-09,wf_2024,0.00075753561464984398,0.00084833285749653692,0.0014853453297693027
2024-10-10,wf_2024,-0.0023740954352298913,-0.0025223299440581682,-0.0024324062488415496
2024-10-11,wf_2024,0.0018880579856888808,0.0017155639864919331,0.0014056401433713084
2024-10-14,wf_2024,0.0031829006535243898,0.0028971315757483455,0.002911790749702456
2024-10-15,wf_2024,0.0013029168329325065,0.0013355978636541328,0.0011108903186481875
2024-10-16,wf_2024,-0.00094875526657376775,-0.00094084352272714175,-0.00085089365593703041
2024-10-17,wf_2024,-0.00063581363420019588,-0.00043638023826466949,-3.633037759000283e-05
2024-10-18,wf_2024,-0.0034719318769547884,-0.0033397647196445222,-0.0023984334563102276
2024-10-21,wf_2024,0.00092144914897385188,0.000462119324190039,-0.00051007394524001245
2024-10-22,wf_2024,-0.00028151979938502897,-0.00038494242949831451,-0.00076689020778163619
2024-10-23,wf_2024,0.0036405973792831836,0.0037931087373867852,0.003492203482311519
2024-10-24,wf_2024,-0.002938720312525696,-0.0025755252414679558,-0.0022526349612275744
2024-10-25,wf_2024,0.00045344945266514091,0.00049293406455492759,-0.00088104544432518505
2024-10-28,wf_2024,-0.0040426154628938615,-0.0036479979583754528,-0.0030618771321956379
2024-10-29,wf_2024,-0.0032861174505738329,-0.0028831575333682505,-0.0018939504427088185
2024-10-30,wf_2024,-0.0011352387855298278,-0.00096088066901859129,-0.00021002266236972634
2024-10-31,wf_2024,0.012961617856680411,0.012382488361610402,0.011305553947535255
2024-11-01,wf_2024,-0.0073355673300091176,-0.0065403648348249001,-0.0063506635492534807
2024-11-04,wf_2024,-0.0023688665767623851,-0.0020358374709002758,-0.0012265602969323552
2024-11-05,wf_2024,0.0030501540005812844,0.0028846318478162104,0.0028240755120437786
2024-11-06,wf_2024,0.019512315296599303,0.017551454615950868,0.014195637133235271
2024-11-07,wf_2024,0.0010740475718295137,0.00078171655195751833,0.00046009751552898281
2024-11-08,wf_2024,-0.00081606096683996732,-0.00058344539166832053,0.00063421213937932199
2024-11-11,wf_2024,0.0024662615647863908,0.0019232648131771478,0.0008147677032294381
2024-11-12,wf_2024,0.00086140785206736037,0.00072383648963287141,0.00063300144410871942
2024-11-13,wf_2024,-0.00177259603328328,-0.0015403151929885021,-0.00086720381379539965
2024-11-14,wf_2024,0.0028465528506539566,0.0024110054320931979,0.0019442801748037223
2024-11-15,wf_2024,0.01112962122748053,0.010762079220658789,0.0093795284092668563
2024-11-18,wf_2024,-0.002135078176411731,-0.0013502682289572871,0.00029136815995068135
2024-11-19,wf_2024,-0.0015056298995335486,-0.0016424811893762012,-0.0018246424042218873
2024-11-20,wf_2024,-0.0083796926398688742,-0.0080429468357315504,-0.0072666514666185778
2024-11-21,wf_2024,0.0058009537033497458,0.0050968347599151809,0.0040327023458534474
2024-11-22,wf_2024,-0.00034001309642419297,-0.00085537308526899215,-0.00094094859661221877
2024-11-25,wf_2024,-0.0054582936952084675,-0.0060399418037316134,-0.0063551700669471703
2024-11-26,wf_2024,-0.00054341641852443756,-0.00026864866724848196,0.00068346652719379901
2024-11-27,wf_2024,-0.0038493248978663051,-0.003461628083545699,-0.0029095717794442684
2024-11-29,wf_2024,0.0015848385698929803,0.0016696451021911154,0.0015564163835726365
2024-12-02,wf_2024,-0.00026739638942744714,3.0057044688022272e-05,-1.6899767325015012e-05
2024-12-03,wf_2024,-0.00054432063640471229,-0.00044590979491090113,-0.00018444905228130778
2024-12-04,wf_2024,-0.00073357958230859288,-0.00021920014726953718,0.00027929860177072389
2024-12-05,wf_2024,-0.0004562145932028675,-0.0005577179272186442,-0.00088671994048284449
2024-12-06,wf_2024,-0.0025209069736874907,-0.002247909008619018,-0.0013704891051961351
2024-12-09,wf_2024,-0.0024472843639297137,-0.0021111395532403933,-0.00092437847378150817
2024-12-10,wf_2024,-0.0035198143283422887,-0.0033049524783379815,-0.002249934233585652
2024-12-11,wf_2024,-0.0031366872055130779,-0.0028098140376435019,-0.0024117274153540704
2024-12-12,wf_2024,0.00012929960145263705,7.5742030706343766e-05,0.00017833939779997584
2024-12-13,wf_2024,-0.0030002498427282496,-0.0030247813823969932,-0.0013586177125853118
2024-12-16,wf_2024,0.004379474073125833,0.0043300597699005641,0.0028360199172918154
2024-12-17,wf_2024,-0.0013743683405658493,-0.0012230345018833125,-0.0012994688523132684
2024-12-18,wf_2024,0.017587147847265117,0.017926300157529738,0.017151303152221416
2024-12-19,wf_2024,-0.0037285031800302439,-0.0043817192089085372,-0.0055479743514885143
2024-12-20,wf_2024,-0.0066661904668815306,-0.0061225669295075311,-0.0055542261881179724
2024-12-23,wf_2024,-0.0044529852669283514,-0.0041241643385044368,-0.0037785651615371259
2024-12-24,wf_2024,0.0072477692885336564,0.0071291679736904222,0.0069772249162609922
2024-12-26,wf_2024,0.00084942234293911012,0.00054438699411457343,0.00016050488133553429
2024-12-27,wf_2024,0.0002748594798803925,0.0010154117456474447,0.0019749217042336819
2024-12-30,wf_2024,-0.0074209878853447311,-0.0081636876973585487,-0.0083222261543698089
2024-12-31,wf_2024,-0.0010501557019549357,-0.0011670735042251571,-0.0014220437922834244
2025-01-02,wf_2025,-0.014434795360090957,-0.013927785628926157,-0.013534921055216831
2025-01-03,wf_2025,0.0020578342568727628,0.0023867859549048494,0.0022110406276292668
2025-01-06,wf_2025,0.0041325992693312568,0.0041880020745823157,0.0042299598437303167
2025-01-07,wf_2025,0.0089796817262923039,0.0086562331630866875,0.0070894551600398275
2025-01-08,wf_2025,-0.0043199428587264816,-0.0048898634501141382,-0.0060703258819198051
2025-01-10,wf_2025,-0.0055127362559714652,-0.0048074232958967081,-0.0035175872432390252
2025-01-13,wf_2025,0.0025323109761726617,0.0022684210730167802,0.0018097409797009092
2025-01-14,wf_2025,-0.0080741744650789093,-0.0083640813220683969,-0.0067552030059485797
2025-01-15,wf_2025,-0.0005419963573938813,-0.00092534691179749348,-0.00017589683260413932
2025-01-16,wf_2025,-0.0025496549430513897,-0.002538685841773749,-0.0027685268802070794
2025-01-17,wf_2025,-0.0042195665437371188,-0.0037805595269229629,-0.0012332938094156047
2025-01-21,wf_2025,0.0026993389020666201,0.0021653994981580701,0.0021569754577179432
2025-01-22,wf_2025,0.0027491604958429314,0.0029101625343901376,0.0025711116739904091
2025-01-23,wf_2025,-0.0013483784200593965,-0.0012422888789155638,-0.00064273789448014847
2025-01-24,wf_2025,-0.0032535356481115385,-0.003025887493273983,-0.0022798159646149219
2025-01-27,wf_2025,0.0099987545960542219,0.0095247709773715345,0.0073712769331644099
2025-01-28,wf_2025,0.0010618588963578663,0.0017213838737587088,0.0028785119177865293
2025-01-29,wf_2025,-0.0064742927965063535,-0.0063289260631623056,-0.0055420673857618655
2025-01-30,wf_2025,-0.0078647828752674113,-0.0075286828842626181,-0.0066893848388384046
2025-01-31,wf_2025,0.0026701247355081503,0.003301759043467245,0.0035581364429010795
2025-02-03,wf_2025,0.0046458709022356524,0.0045438047561636979,0.0041342089710539737
2025-02-04,wf_2025,0.0062167502020974621,0.0057668412361342163,0.0043597269459633072
2025-02-05,wf_2025,0.00015587654793366057,-0.00013237815338395164,-9.4709780984394726e-05
2025-02-06,wf_2025,-0.0018487381896336028,-0.0017182416896956,-0.0015357367680325562
2025-02-07,wf_2025,0.001391559317204712,0.0011197844456465153,0.0012666074611823769
2025-02-10,wf_2025,-0.0028684030065743156,-0.0028444039687517825,-0.002734104057540516
2025-02-11,wf_2025,-0.0042598926817597098,-0.0039814629602103312,-0.0027208119462322107
2025-02-12,wf_2025,-0.0030120660984953402,-0.0035135778901222081,-0.004788357612777145
2025-02-13,wf_2025,0.0045170883293693485,0.0041406974754345438,0.0029323858114685404
2025-02-14,wf_2025,0.00074869982808286229,0.00070776715313157403,0.00035339048179817425
2025-02-18,wf_2025,-0.0021103151736531212,-0.001843988436047442,-0.0011686777558495023
2025-02-19,wf_2025,-0.0011918134006381382,-0.00093270290573836787,-0.00011694516003602162
2025-02-20,wf_2025,-0.006023096479335373,-0.0057241311333163436,-0.0049823758956425747
2025-02-21,wf_2025,0.012188312425387943,0.011605179744422408,0.010182341524472322
2025-02-24,wf_2025,8.7854061650830982e-05,-2.2708725793472821e-06,-0.0010823248980017521
2025-02-25,wf_2025,0.0037258613157244245,0.0036410930291921146,0.0023017025748079296
2025-02-26,wf_2025,-0.0029850514938476827,-0.0023371453546506275,-0.0008974938859628084
2025-02-27,wf_2025,0.011605105318493384,0.011033819363766743,0.0081938175519742831
2025-02-28,wf_2025,-0.0049767351412034659,-0.0044100598174148381,-0.0033541265990672639
2025-03-03,wf_2025,0.0055122639578317565,0.0056132377903402421,0.0046693262745051353
2025-03-04,wf_2025,0.0012400958867087031,0.0019878752377663527,0.0031506869321640337
2025-03-05,wf_2025,-0.0040739404787454121,-0.0034939722226709608,-0.002833063988619136
2025-03-06,wf_2025,-0.007466219235199874,-0.0077883877917678083,-0.007702793637176822
2025-03-07,wf_2025,-0.0069716621897290172,-0.006928722805683081,-0.0059555198676183516
2025-03-10,wf_2025,-0.0059314302466533979,-0.0056535007181157306,-0.005436251805731639
2025-03-11,wf_2025,-0.015959462067146858,-0.015702651143012138,-0.01339227894206281
2025-03-12,wf_2025,-0.0017734273315292239,-0.0020143157091245369,-0.0035914027355312449
2025-03-13,wf_2025,0.0031997893633269507,0.0028011475787361744,0.0018946317008049335
2025-03-14,wf_2025,0.0039183286383916065,0.0039641096118323291,0.003728893489082345
2025-03-17,wf_2025,0.0019460476947305572,0.0014272582117948263,0.0012802924403366171
2025-03-18,wf_2025,-0.0071715879271518346,-0.0067042565102612669,-0.0054362886971633245
2025-03-19,wf_2025,-0.0012759067464068372,-0.0015550136526057492,-0.001892059115896154
2025-03-20,wf_2025,-0.0021624069283134686,-0.0021761468878429913,-0.0024003583836431663
2025-03-21,wf_2025,0.00050814312628005831,5.8655941323202017e-05,-0.00056792776053267392
2025-03-24,wf_2025,0.0098269648793705509,0.009749558169109598,0.0087972110145739073
2025-03-25,wf_2025,-0.00084643367363410971,-0.00078550019996973322,-0.00047816441505899238
2025-03-26,wf_2025,0.0081189830264718488,0.0079237818293962075,0.0073318862661562127
2025-03-27,wf_2025,-0.0058644773470578251,-0.0058577895173227128,-0.0058205355223018241
2025-03-28,wf_2025,0.015091338995214271,0.014938070943141288,0.013502651164919787
2025-03-31,wf_2025,-0.0065618865422349768,-0.0067468247975139579,-0.0049725632487913392
2025-04-01,wf_2025,-0.014433099375392684,-0.013848907583754311,-0.01358633842811717
2025-04-02,wf_2025,0.0033488320592191343,0.0026658609591624291,0.0013577802441230807
2025-04-03,wf_2025,-0.013506293218750909,-0.012934290854190345,-0.012120211066147451
2025-04-04,wf_2025,0.016090299899348869,0.014798826650822588,0.018150465391155869
2025-04-07,wf_2025,-0.076015561238896245,-0.080362330762862713,-0.081883775578881907
2025-04-08,wf_2025,0.02425930605171428,0.026988974412109991,0.030933807883213319
2025-04-09,wf_2025,0.031508820257312976,0.035450001185021597,0.037633078733350436
2025-04-10,wf_2025,-0.061449060892808549,-0.060461253691263497,-0.058462333210531917
2025-04-11,wf_2025,0.010341805108573871,0.010275632069898958,0.011150667369995405
2025-04-14,wf_2025,-0.0045523260941011849,-0.0050472167235733438,-0.0045264931166873043
2025-04-15,wf_2025,-0.00039857658415654018,-0.0004372711709861027,-0.00085336594123122905
2025-04-16,wf_2025,0.0063363477220207782,0.0057625791331581402,0.0051309248932393525
2025-04-17,wf_2025,-0.0034206277108250931,-0.0037657993704816295,-0.0052883682056020761
2025-04-21,wf_2025,0.0078941052502823524,0.0093246669174966677,0.010959406285839525
2025-04-22,wf_2025,-0.0012267775418337752,-0.00090376046314979671,-0.0011002948928482642
2025-04-23,wf_2025,-0.0014528051264326249,-0.0025337003151226743,-0.0016936588017466084
2025-04-24,wf_2025,-0.0026123769441146289,-0.0032068394904395626,-0.0051734503958938503
2025-04-25,wf_2025,-0.0026215711220859599,-0.0027791603369427915,-0.0024451602381612564
2025-04-28,wf_2025,-0.0080002040767340743,-0.0073984843199349695,-0.0066722643579433354
2025-04-29,wf_2025,0.0032272910589036248,0.0030276785911275768,0.0031020509833683835
2025-04-30,wf_2025,-0.023841898811023183,-0.022921073942105838,-0.022044370400824645
2025-05-01,wf_2025,0.010275155673477938,0.010688128979828983,0.010565508853078161
2025-05-02,wf_2025,0.0059121155837840913,0.0045953343212453987,0.0029122503537453472
2025-05-05,wf_2025,-0.0041555676845984784,-0.0036479516874683101,-0.0030978726874779129
2025-05-06,wf_2025,-0.0028793658061304628,-0.0031581561221512714,-0.003365476563579454
2025-05-07,wf_2025,-0.009324297785248143,-0.0088924664417546779,-0.0081959904780678303
2025-05-08,wf_2025,0.0058620746720505577,0.0060727115544869457,0.0050736617473157017
2025-05-09,wf_2025,-0.00026628604577742332,-0.00012916331740077668,0.00021425737492816602
2025-05-12,wf_2025,-0.016143551898560354,-0.014388631336956902,-0.011455272928955589
2025-05-13,wf_2025,0.0020416442456967316,0.0018062496334922953,0.0013224830238865721
2025-05-14,wf_2025,-0.00053146273057697035,-0.00072388037164119686,-0.0013268197626179357
2025-05-15,wf_2025,-0.0024429109231987414,-0.002342171424152998,-0.0014061037524929197
2025-05-16,wf_2025,0.0021297353180814711,0.0019577666914239351,0.0023571402739856937
2025-05-19,wf_2025,-0.0063020369985752698,-0.005881162669543168,-0.0047602607573548703
2025-05-20,wf_2025,-0.0026527916643543739,-0.0025743484059831765,-0.0020165780812949606
2025-05-21,wf_2025,0.0035202959512031411,0.0031326014941880135,0.003685493701116972
2025-05-22,wf_2025,-0.0070271439436624759,-0.0071646837643243944,-0.0073162355579898582
2025-05-23,wf_2025,-0.013113957529279165,-0.012328404973233068,-0.010447343287634728
2025-05-27,wf_2025,0.011438364133141549,0.01079417575354885,0.0096158485087825714
2025-05-28,wf_2025,-0.0012724207100270335,-0.001217015781345328,-0.0011408296280136336
2025-05-29,wf_2025,-0.0018788292599768441,-0.0019536048846125545,-0.0016904849218646303
2025-05-30,wf_2025,-0.0058358974261806989,-0.0055182024199744058,-0.0056530144437440758
2025-06-02,wf_2025,-0.0026939645853729282,-0.0024295044141701715,-0.0020285757144922045
2025-06-03,wf_2025,0.0068451205760377736,0.0061572766823784295,0.0047107677568195882
2025-06-04,wf_2025,-0.0014859610558707326,-0.0012839829974937232,-0.00081059772111630277
2025-06-05,wf_2025,-0.0067784599084464619,-0.0063135286288163867,-0.0063393187351447767
2025-06-06,wf_2025,-0.010909761525159229,-0.011588382641106523,-0.012940806978320413
2025-06-09,wf_2025,0.0012276443210990269,0.00092759177460216048,5.3205288041870401e-06
2025-06-10,wf_2025,-0.0010923026202046176,-0.0011060746777197931,-0.00088411844490861172
2025-06-11,wf_2025,-0.0015552706044836642,-0.0015328119304051069,-0.0010825919681191668
2025-06-12,wf_2025,0.00038778783607418271,0.00023254505851898866,-7.2351793509028598e-05
2025-06-13,wf_2025,-0.0037635008433924973,-0.0044024614728028896,-0.0061597447270400115
2025-06-16,wf_2025,-0.0082320006720968952,-0.0075710042502616509,-0.0068436903133174132
2025-06-17,wf_2025,0.00019854492270787716,-0.00011535059034097105,-0.00056623096121320292
2025-06-18,wf_2025,-0.0058101257087905811,-0.0053144944351297537,-0.0044779506354842178
2025-06-20,wf_2025,-0.0033270302195641897,-0.0032774753108040112,-0.0025241799036495515
2025-06-23,wf_2025,-0.0058017357707140227,-0.0054192704809613518,-0.0055991898841056698
2025-06-24,wf_2025,0.0088276054820488233,0.0083404913371108343,0.0072389655071779559
2025-06-25,wf_2025,-0.00062421906141331873,-0.00056567839967531282,-0.00043197438984433401
2025-06-26,wf_2025,0.00097825466668227646,0.00096949845188438024,0.0010456752112206586
2025-06-27,wf_2025,-0.0027702699878332884,-0.002562024980518514,-0.00234600669012174
2025-06-30,wf_2025,-0.0015365221878804549,-0.0013813689571179734,-0.00082344333419414055
2025-07-01,wf_2025,-0.0027108698486123886,-0.0022142862338566079,-0.0013820946912211449
2025-07-02,wf_2025,0.001443433423621169,0.001074494774367816,0.00076745864442929383
2025-07-03,wf_2025,0.0058247248360948261,0.0055948642548866393,0.0051871733350050703
2025-07-07,wf_2025,-0.00078012189845588786,-0.00051439228254402097,-8.1231109835889484e-05
2025-07-08,wf_2025,-0.0015982931871485657,-0.0012156848379876808,-0.00015618612583517881
2025-07-09,wf_2025,-0.0013730951449557234,-0.001758153972450098,-0.0023798397888004385
2025-07-10,wf_2025,0.0010295232702265398,0.00097419158960572645,0.0016050411464030639
2025-07-11,wf_2025,-0.0014518114639117119,-0.0015584205345110559,-0.0023639347453592251
2025-07-14,wf_2025,-0.0010539828791830315,-0.00098883762953580869,-0.0009020742563459758
2025-07-15,wf_2025,0.0009704170848577145,0.00077730715468024222,0.00044475652117350098
2025-07-16,wf_2025,-0.0025650150533529552,-0.002423236534650442,-0.0018328598703432062
2025-07-17,wf_2025,0.0065248864994677143,0.0059605460774857823,0.0044336651334838072
2025-07-18,wf_2025,2.8528919382801249e-05,-7.9704087015955498e-06,1.6906248008047818e-05
2025-07-21,wf_2025,-0.0019954728088300566,-0.0016087160546976139,-0.00096563219908953871
2025-07-22,wf_2025,-0.0014958553571396229,-0.0011765944883081608,-0.00059507487407983056
2025-07-23,wf_2025,0.0042461157134939436,0.0037573804962897969,0.0032839187999316581
2025-07-24,wf_2025,0.00059959939625749603,0.00062122930018855104,0.00063534562114542735
2025-07-25,wf_2025,2.9163276766756369e-05,6.421058419620325e-05,6.8436234330436572e-05
2025-07-28,wf_2025,-0.00069680553835308834,-0.00064729200683549912,-0.000570583024922356
2025-07-29,wf_2025,-0.0016709778658394365,-0.0015802022395873597,-0.001222723083178684
2025-07-30,wf_2025,-0.0069186412368353687,-0.006242106300472899,-0.0050111742663336619
2025-07-31,wf_2025,-0.0044892904324610825,-0.0052228707683566918,-0.0070493241151445372
2025-08-01,wf_2025,0.010817399834619823,0.010613210751561037,0.010503828551519882
2025-08-04,wf_2025,0.0045107438374323659,0.0049084080664598189,0.0047221449772579032
2025-08-05,wf_2025,-0.003319038750178323,-0.0036291911903726833,-0.0050103839333352322
2025-08-06,wf_2025,-0.00087152317139934277,-0.00064414827417100294,-0.0004207046606708411
2025-08-07,wf_2025,-0.0063132301824621595,-0.0054934557255484576,-0.0033396836139287876
2025-08-08,wf_2025,-0.0020345295505893217,-0.0017181463080920239,-0.0013641997166707403
2025-08-11,wf_2025,-0.00010355307906406706,2.3329475337341475e-05,3.892399062722365e-05
2025-08-12,wf_2025,0.0036534322565293467,0.0034221841303334532,0.003279604307666684
2025-08-13,wf_2025,0.0020316647713646092,0.0013769394646171943,0.00034068435231061238
2025-08-14,wf_2025,-0.0021113153439375472,-0.0015852689324706718,-0.00058865954242352597
2025-08-15,wf_2025,-0.00089774659643411981,-0.00082091074233231541,-0.00061399014754305397
2025-08-18,wf_2025,-0.00075143422365764323,-0.0007423339653671628,-0.0007202343772568109
2025-08-19,wf_2025,0.0027178545835028212,0.0025957610544888095,0.0017915454252723441
2025-08-20,wf_2025,6.7100848226586793e-05,-0.0002259173688396452,-0.00084026683357065965
2025-08-21,wf_2025,-0.0053580269352565546,-0.0052915976116931591,-0.0050486634370543538
2025-08-22,wf_2025,0.014777433918429599,0.013594758476512958,0.010666147718508798
2025-08-25,wf_2025,0.0013325318390044472,0.0011656938137714556,0.00063494448507961604
2025-08-26,wf_2025,-0.0024652562464283117,-0.0022455082253086843,-0.0016893352927206233
2025-08-27,wf_2025,0.0017104667834975105,0.0014847266728346149,0.0012372847212358889
2025-08-28,wf_2025,0.00075018166504209327,0.00069832005044615181,0.00010845166446021372
2025-08-29,wf_2025,-0.0030044870698071966,-0.0028978590323810523,-0.0032152702801022887
2025-09-02,wf_2025,0.0068131095995045037,0.0068379046258614951,0.0067554927260058094
2025-09-03,wf_2025,-0.0013231620480910384,-0.00077057314650840576,0.00011594847293277394
2025-09-04,wf_2025,0.0036373770485833195,0.003501007089655154,0.0036740666582683445
2025-09-05,wf_2025,-0.0075494437131019363,-0.0077796368713445039,-0.0076297778870659857
2025-09-08,wf_2025,-0.0012353047517245086,-0.0011236823838048234,-0.0007778237197272218
2025-09-09,wf_2025,-0.00141129340938508,-0.0010323160229564513,-0.00018411706113224981
2025-09-10,wf_2025,-0.002463810916520444,-0.0022016859099963223,-0.0012902785100589171
2025-09-11,wf_2025,0.00053161730546535946,0.0007377116473222886,0.0014884251221774566
2025-09-12,wf_2025,-0.00022753334455499763,2.5977905167019408e-05,0.0002762038652206746
2025-09-15,wf_2025,0.00015593049954946503,0.00024193995696934691,-0.00033716498885295101
2025-09-16,wf_2025,-0.00082724843507895696,-0.00073025574279268919,-0.00039469661377057667
2025-09-17,wf_2025,0.00010572770748936325,-5.4378099390334396e-05,-0.00057584086272913573
2025-09-18,wf_2025,0.0017565377156240623,0.0016685753294826149,0.00040370091857415457
2025-09-19,wf_2025,-2.7040761820936289e-05,6.9195289936906709e-05,0.00021529832793302947
2025-09-22,wf_2025,0.00085566905253877301,0.00082443099541349351,0.001019447812499573
2025-09-23,wf_2025,0.0017023251445045422,0.0017723145618542325,0.0019637254434117799
2025-09-24,wf_2025,0.0024087979907623605,0.0020963578384639325,0.0016392374840274986
2025-09-25,wf_2025,-0.0009520986078484689,-0.0013601149505497109,-0.0011410664372425953
2025-09-26,wf_2025,-0.0018829084305195809,-0.0019829361498476554,-0.0020973657413719837
2025-09-29,wf_2025,0.0002820285765456898,0.00022798556369889436,0.00013695355316620941
2025-09-30,wf_2025,-0.0005568621279648337,-0.00038398598554460474,0.0003795538088210366
2025-10-01,wf_2025,0.0016652079079247741,0.0015715830714343184,0.0014704623676571806
2025-10-02,wf_2025,0.0011434807745205888,0.00087014692120588872,-0.00021190719585115488
2025-10-03,wf_2025,0.00239458900768504,0.0020468427389405365,0.0014337125045607373
2025-10-06,wf_2025,-0.0042522618251729831,-0.0036271180949174068,-0.0023148465974392233
2025-10-07,wf_2025,0.0031225840090144579,0.0028081738571700716,0.0019019613041672215
2025-10-08,wf_2025,0.0016255378685168427,0.0016937148987592647,0.0016369556200554049
2025-10-09,wf_2025,-0.0020718505907642197,-0.0018857240628326365,-0.0012890937452484884
2025-10-10,wf_2025,0.0010462517514711611,0.0011916382444428857,0.00057953965514336416
2025-10-13,wf_2025,-0.012004931132283698,-0.011456140588848194,-0.0094382709799029942
2025-10-14,wf_2025,-0.01228349387172987,-0.013012120773969712,-0.014767375179203696
2025-10-15,wf_2025,-0.0057634038600538617,-0.0056904560974201622,-0.0041371187903271392
2025-10-16,wf_2025,0.0036378251772128571,0.0028840675736319489,0.00090988348408426204
2025-10-17,wf_2025,-0.0010600266300600885,-0.0014599642455618838,-0.0015927998444888447
2025-10-20,wf_2025,0.0079754581609681185,0.0078884777864820579,0.0074979748725412382
2025-10-21,wf_2025,-0.0045402195097357101,-0.0041819722267152862,-0.0035861367013948981
2025-10-22,wf_2025,0.0069372755131494506,0.0063063884294517498,0.0041304539374305725
2025-10-23,wf_2025,0.0020940794031662859,0.0021965348587888061,0.0017125801640134317
2025-10-24,wf_2025,0.0055371159703103308,0.0050662906397716586,0.0042634802334111438
2025-10-27,wf_2025,0.0013925388336016307,0.0012264288687736978,0.0020570772496080639
2025-10-28,wf_2025,-0.00038881393474056902,-0.00018320694019417647,5.4203958971960119e-05
2025-10-29,wf_2025,-0.0065476424535340638,-0.0059106205761967501,-0.0044519130823465836
2025-10-30,wf_2025,0.0033328198867371337,0.0027560008104019458,0.0018157043196321645
2025-10-31,wf_2025,-0.01114127765311305,-0.010811687402753598,-0.0087286406472344841
2025-11-03,wf_2025,-0.0069639352417532607,-0.0064347166265176763,-0.0052614932649915173
2025-11-04,wf_2025,0.0038442905913375252,0.0034567965116970379,0.0022630367528002813
2025-11-05,wf_2025,-3.4437231066442031e-05,0.00033674511342694514,0.00044973353005271712
2025-11-06,wf_2025,0.001775657537580873,0.0020167498776757745,0.0019974739763042866
2025-11-07,wf_2025,0.0086151835844898335,0.0090305529917580358,0.0084592518581458644
2025-11-10,wf_2025,0.012975373542131815,0.012873157873286068,0.012057235950179046
2025-11-11,wf_2025,-0.0047520782891207749,-0.0042957079476861346,-0.0027015536659751368
2025-11-12,wf_2025,-0.002881216507526466,-0.0027827823190371072,-0.0021492184379579178
2025-11-13,wf_2025,0.012270300316535495,0.011419367910478985,0.0096922510606835266
2025-11-14,wf_2025,-0.0069191936675053372,-0.0066922216008947089,-0.0055552643303940774
2025-11-17,wf_2025,0.0031597751181988523,0.0026000485022975757,0.0017498960176084595
2025-11-18,wf_2025,-0.0023071908907445851,-0.0020747885979455994,-0.0017214274547427296
2025-11-19,wf_2025,-0.0057478793351480499,-0.0058693991398256137,-0.0052719979617213636
2025-11-20,wf_2025,-0.017635173205965672,-0.016157622947474002,-0.015766131555105107
2025-11-21,wf_2025,-0.0054714693692831662,-0.0046889386178650214,-0.0050652237624803122
2025-11-24,wf_2025,0.012412186028480968,0.011777382702606715,0.0095528199020574155
2025-11-25,wf_2025,0.0026762616403145185,0.001999436590397479,0.0016464784329826233
2025-11-26,wf_2025,0.0047490801249345238,0.0044342637571658031,0.0036239019200042829
2025-11-28,wf_2025,0.0012905440881256966,0.00099851107842102542,0.00069782715828112306
2025-12-01,wf_2025,-0.005195875094865428,-0.0049420014965609379,-0.0038782454824508304
2025-12-02,wf_2025,-0.0022984915222427258,-0.0021514110642039549,-0.0019696204082008993
2025-12-03,wf_2025,0.00094945137420017923,0.000705263496861688,0.00097977266963515121
2025-12-04,wf_2025,-0.00010982554178334825,-0.00025663975443904349,0.00017752059476725142
2025-12-05,wf_2025,-0.0039968464450012564,-0.0038687252304575766,-0.0034596471267315737
2025-12-08,wf_2025,-0.0010564528217041902,-0.00087800789039788009,-0.00040674744953033998
2025-12-09,wf_2025,-0.00084218201510977142,-0.00081345792412287736,-0.0011620870147898083
2025-12-10,wf_2025,-0.00068732799218322116,-0.00081841810282374931,-0.00063020915016459371
2025-12-11,wf_2025,-0.0027835483096315308,-0.0031483805655778629,-0.001679730855805472
2025-12-12,wf_2025,-0.00044893393515097846,-0.00033923246424106212,-0.0014771776605512195
2025-12-15,wf_2025,0.001044896154999327,0.00068173735436897684,-0.00058804999427389747
2025-12-16,wf_2025,3.2257450271799772e-05,-0.00019887903889326025,-0.0011525642146949398
2025-12-17,wf_2025,-0.0033764805581310009,-0.0027950561265152308,-0.0010751086613999036
2025-12-18,wf_2025,-0.011667814939017269,-0.011028916210357904,-0.010259973790658364
2025-12-19,wf_2025,0.0016995055817539129,0.0014906592846923067,0.00025981894173707204
2025-12-22,wf_2025,0.0031250411471540245,0.0030445885848753612,0.0031957781028730792
2025-12-23,wf_2025,0.001123551821465359,0.0013017808740718294,0.0020046250306800153
2025-12-24,wf_2025,0.0012351164870881095,0.0012149674627044357,0.001380808813747381
2025-12-26,wf_2025,-0.00050608343281673585,-0.00045135098228093844,-0.00036158724176689098
2025-12-29,wf_2025,-0.0012943744873623226,-0.0013202569232776201,-0.0015504580467019522
2025-12-30,wf_2025,0.00082677091977874828,0.00065014073890835454,0.00029990625083681428
2025-12-31,wf_2025,0.0027707395569377957,0.0025009096336466126,0.0023031541274837271
